date,cabbage,potato,strawberry,onion,spinach,cucumber,tomato,apple,carrot,broccoli
2025-03-31,18405,78083,34364,27929,27929,0,45667,121677,71982,38770
2025-03-30,0,0,0,0,0,0,0,0,0,0
2025-03-29,17865,76000,39855,28150,28150,0,44455,110000,61134,45154
2025-03-28,16025,77288,33313,27766,27766,0,47686,96426,53429,51223
2025-03-27,16383,77265,29734,29259,29259,0,38556,145325,68363,46856
2025-03-26,16767,74353,29862,28981,28981,0,48593,105309,68156,45673
2025-03-25,16866,76000,31708,26904,26904,0,30000,70782,62654,46781
2025-03-24,17664,77000,35266,26941,26941,0,43078,79397,58095,41908
2025-03-23,0,0,0,0,0,0,0,0,0,0
2025-03-22,17128,75920,42645,27807,27807,0,36667,55000,63050,32248
2025-03-21,16783,74828,42662,29207,29207,0,43886,102752,72085,31114
2025-03-20,16439,73000,37205,28443,28443,0,33286,141326,76000,32613
2025-03-19,18178,74313,35058,29871,29871,0,48286,93570,76157,35819
2025-03-18,20598,78119,35350,29771,29771,0,36000,75158,72000,40121
2025-03-17,17919,83730,36583,29635,29635,0,51755,111472,73624,33810
2025-03-16,0,0,0,0,0,0,0,0,0,0
2025-03-15,17782,75000,42202,28952,28952,0,38000,56083,73000,31751
2025-03-14,15679,66300,36718,27176,27176,0,54083,94256,67988,36754
2025-03-13,15716,61369,32097,27525,27525,0,40000,63347,66423,41405
2025-03-12,16113,63931,32942,28341,28341,0,52903,107767,67538,37756
2025-03-11,16009,65917,34138,27443,27443,0,40000,67116,72570,34190
2025-03-10,15696,67862,37412,30290,30290,0,46815,125381,74831,29869
2025-03-09,0,0,0,0,0,0,0,0,0,0
2025-03-08,15719,66680,41336,31792,31792,0,40000,160000,78370,25075
2025-03-07,16591,67431,39110,29468,29468,0,42641,93299,79610,23024
2025-03-06,17248,72508,39685,29977,29977,0,35286,136107,72901,28480
2025-03-05,0,0,0,0,0,0,0,0,0,0
2025-03-04,18495,72508,39693,27781,27781,0,36000,111633,74108,34928
2025-03-03,17973,71000,40563,26980,26980,0,36452,132026,76000,35605
2025-03-02,0,0,0,0,0,0,0,0,0,0
2025-03-01,17644,66000,39932,27277,27277,0,39600,153704,73647,37903
2025-02-28,17520,68225,43350,26578,22358,0,39600,119148,75292,38883
2025-02-27,17143,70789,34295,25870,18774,0,40000,111217,77056,34936
2025-02-26,16559,76619,37180,25451,17403,0,40000,131600,76242,32188
2025-02-25,16624,79333,36412,24288,19055,0,43000,118333,72045,31919
2025-02-24,16410,78527,38915,24544,18694,0,43000,132757,68500,31485
2025-02-23,0,0,0,0,18094,0,0,0,0,0
2025-02-22,16313,74000,38028,23780,18297,0,50250,150526,62000,30955
2025-02-21,16146,71569,42258,24189,17166,0,50250,87718,59122,28723
2025-02-20,16891,67729,33510,23680,17559,0,50167,104162,57613,29069
2025-02-19,15462,74775,45507,24240,19789,0,50167,138425,61000,28638
2025-02-18,15883,75764,37894,24170,21010,0,54395,115508,61513,29654
2025-02-17,16460,77336,49952,25075,23609,0,54395,127932,63441,29028
2025-02-16,0,0,0,0,25639,0,0,0,0,0
2025-02-15,16433,79308,48952,24766,24645,0,46809,146179,63000,33068
2025-02-14,16990,80113,57886,24928,25916,0,46809,105414,70000,31457
2025-02-13,17780,79200,44767,24489,21357,0,42442,114527,75679,34476
2025-02-12,0,0,0,0,21591,0,0,0,0,0
2025-02-11,17185,75595,53269,25203,20603,0,42442,140445,74784,33521
2025-02-10,16971,73889,49858,24455,20295,0,42442,140250,75339,33666
2025-02-09,0,0,0,0,20564,0,0,0,0,0
2025-02-08,16839,71375,44885,23073,20576,0,43526,145595,72000,33748
2025-02-07,17282,73953,50850,23001,18541,0,43526,107134,72000,30212
2025-02-06,16639,68473,40320,23222,18448,0,22000,141488,66500,27114
2025-02-05,15216,66406,57327,24221,19668,0,41136,124174,68863,23087
2025-02-04,17050,63255,42054,23183,22186,0,29571,53000,67562,27332
2025-02-03,17432,67235,47657,23468,23452,0,29571,53000,70040,28264
2025-02-02,0,0,0,0,22888,0,0,0,0,0
2025-02-01,16800,69625,44859,22850,21539,0,31935,141366,63000,35234
2025-01-31,0,0,0,0,21214,0,0,0,0,0
2025-01-30,0,0,0,0,20746,0,0,0,0,0
2025-01-29,0,0,0,0,0,0,0,0,0,0
2025-01-28,15522,68000,45232,23172,19668,0,20182,141366,72309,25631
2025-01-27,16441,68000,62237,23172,22186,0,33532,141366,72309,30094
2025-01-26,0,0,0,0,0,0,0,0,0,0
2025-01-25,15881,73181,59505,22262,23452,0,21750,141366,70287,29734
2025-01-24,15867,72058,61572,21930,22888,0,32233,110625,72400,29702
2025-01-23,15486,68076,50587,22356,21539,0,34286,79937,69703,32567
2025-01-22,14932,72489,50015,22142,21214,0,34286,104359,69138,32261
2025-01-21,14713,77199,44528,21970,20746,0,39569,68450,68589,35450
2025-01-20,14948,79383,53990,22670,21842,0,39569,99913,66810,35969
2025-01-19,0,0,0,0,0,0,0,0,0,0
2025-01-18,14922,80030,53521,22181,21917,0,31667,73645,68000,38795
2025-01-17,15018,81000,54681,22515,21801,0,42447,99112,68323,38622
2025-01-16,16438,80839,53055,22362,23327,0,42182,90333,69096,37357
2025-01-15,16354,85701,52888,22361,23194,0,42182,130118,71000,35068
2025-01-14,16579,91183,49836,22182,22688,0,42750,100884,71240,38718
2025-01-13,16548,90474,55838,22522,19828,0,42750,112457,72069,41222
2025-01-12,0,0,0,0,0,0,0,0,0,0
2025-01-11,16778,74333,59093,22227,19138,0,45923,170000,69625,32615
2025-01-10,16019,67832,55648,22645,16498,0,45923,114568,71785,30050
2025-01-09,16292,67093,52832,22710,19222,0,45000,132465,75653,33054
2025-01-08,17357,65450,49361,23848,21019,0,45000,102416,77782,32455
2025-01-07,16582,63130,43970,24590,19290,0,42600,122268,76561,32240
2025-01-06,16811,62517,46580,25050,20260,0,42600,176457,76983,29817
2025-01-05,0,0,0,0,0,0,0,0,0,0
2025-01-04,17000,62209,49587,25347,21221,0,37455,155882,78663,34416
2025-01-03,18797,59554,54701,24029,20768,0,43220,131563,79009,40397
2025-01-02,19455,56993,52943,22367,18182,0,36612,166667,94000,39141
2025-01-01,0,0,0,0,0,0,0,0,0,0
2024-12-31,19455,56993,52943,22367,18182,0,36612,166667,94000,39141
2024-12-30,13024,50456,54245,21616,16312,0,36612,149250,80000,29457
2024-12-29,0,0,0,0,0,0,0,0,0,0
2024-12-28,12242,49660,53985,21761,13897,0,42429,178182,76085,35781
2024-12-27,11966,49841,58366,21877,14872,0,52697,128490,74493,48480
2024-12-26,12433,55016,60617,20809,15072,0,46000,102829,66603,47502
2024-12-25,12149,57803,58164,20109,15670,0,50333,111874,71634,37234
2024-12-24,12487,57842,58852,19824,16563,0,30000,143110,79429,30509
2024-12-23,12625,52231,66794,19729,16511,0,46333,139146,81626,30781
2024-12-22,0,0,0,0,0,0,0,0,0,0
2024-12-21,12819,60688,61830,19270,14892,0,28545,153030,85718,31491
2024-12-20,12493,44962,56064,19679,14900,0,48000,137021,86676,32196
2024-12-19,10599,49702,57258,19943,14965,0,45000,106834,86500,32337
2024-12-18,12826,45838,58210,19421,14252,0,49600,146816,85934,35011
2024-12-17,10362,46061,54016,19438,12305,0,45000,129936,86259,34139
2024-12-16,13056,41560,57306,18722,12976,0,48333,127686,83000,32998
2024-12-15,0,0,0,0,0,0,0,0,0,0
2024-12-14,10019,38963,52998,19027,12556,0,30286,140000,75300,32361
2024-12-13,10289,42425,61449,19165,12421,0,44000,137515,76241,32891
2024-12-12,10756,37920,60415,19301,12347,0,38571,79315,80000,28943
2024-12-11,10602,39811,55985,19055,12316,0,44957,107924,81000,27467
2024-12-10,9670,38405,54884,19973,12996,0,34944,102914,69307,27391
2024-12-09,9654,41548,61894,19979,11116,0,46447,111236,75605,27953
2024-12-08,0,0,0,0,0,0,0,0,0,0
2024-12-07,10876,37523,59025,19556,10988,0,43500,140000,84445,27588
2024-12-06,10368,40217,58894,20106,11536,0,48833,104365,85011,26817
2024-12-05,11821,40693,62636,20417,13780,0,46500,134813,83330,27078
2024-12-04,10131,40690,64152,20053,14636,0,64500,96489,82966,29692
2024-12-03,9730,40954,64926,20465,13483,0,54897,83171,90000,29879
2024-12-02,9211,40243,69433,19975,13245,0,63476,110917,88260,32353
2024-12-01,0,0,0,0,0,0,0,0,0,0
2024-11-30,10014,36810,67305,19906,12267,0,57227,140000,90235,35592
2024-11-29,10992,39462,70267,19817,11322,0,69353,92229,96497,30347
2024-11-28,14920,37068,71005,19287,10956,0,68333,135849,95369,35329
2024-11-27,11736,39163,72200,19419,11173,0,64706,100671,100582,31620
2024-11-26,11219,39260,67731,19859,12883,0,67759,81043,100215,35341
2024-11-25,10228,39134,72566,19710,15020,0,63733,113497,88964,36435
2024-11-24,0,0,0,0,0,0,0,0,0,0
2024-11-23,9333,38715,80958,19474,16572,0,65105,121439,82258,44952
2024-11-22,10751,39705,87992,19714,14606,0,69696,106769,80000,39287
2024-11-21,9443,40782,87223,19916,15409,0,77200,83894,77821,28825
2024-11-20,8749,40738,87351,19300,15156,0,72000,92388,77855,26739
2024-11-19,8725,40541,70713,19509,15328,0,74967,90594,77364,25221
2024-11-18,8837,39142,77589,19119,16108,0,77774,99825,72013,24272
2024-11-17,0,0,0,0,0,0,0,0,0,0
2024-11-16,9432,39722,87375,18984,19266,0,77903,142067,71883,40152
2024-11-15,10234,39556,95791,19147,16374,0,79556,109500,73000,43314
2024-11-14,9974,39592,103219,19143,14972,0,78000,88927,70283,43568
2024-11-13,8702,38941,111787,19335,16057,0,67788,73877,68549,43853
2024-11-12,8357,38672,84149,19370,17218,0,82545,116108,63994,41759
2024-11-11,9457,39648,98296,19667,17212,0,64000,91647,68798,43429
2024-11-10,0,0,0,0,0,0,0,0,0,0
2024-11-09,8693,37240,120417,19475,20035,0,68179,118642,66563,50433
2024-11-08,10034,32609,112345,22431,18557,0,71824,81644,69459,51040
2024-11-07,9835,34109,115357,22110,19986,0,53000,104228,72500,48370
2024-11-06,10232,34481,102840,20398,18885,0,63824,101609,75000,40842
2024-11-05,9762,32735,107176,19625,20461,0,66552,82560,73215,43231
2024-11-04,10325,34084,120889,19828,23883,0,69196,108484,74422,54083
2024-11-03,0,0,0,0,0,0,0,0,0,0
2024-11-02,10984,32972,100000,19575,24939,0,62563,118593,71000,48127
2024-11-01,11260,33017,90533,19928,26613,0,65000,88835,72500,41331
2024-10-31,11073,34141,105000,20367,28024,0,58966,104792,68807,48287
2024-10-30,12279,34150,120000,20029,22373,0,52174,89722,68541,55758
2024-10-29,13327,35717,66000,19844,21907,0,47111,89328,69103,52196
2024-10-28,12376,35299,118571,19706,25525,0,56931,80970,74477,54858
2024-10-27,0,0,0,0,0,0,0,0,0,0
2024-10-26,13181,34937,80000,19885,32465,0,63524,115795,79141,58754
2024-10-25,13721,37140,80000,19492,23126,0,72593,87486,80843,56168
2024-10-24,16272,34900,0,19492,18668,0,62571,118194,80000,49904
2024-10-23,20718,34388,0,19202,21508,0,55465,100446,82860,43779
2024-10-22,19989,35560,0,21568,22088,0,53769,87157,84921,40468
2024-10-21,22832,33742,0,19177,21935,0,74622,120099,86439,39071
2024-10-20,0,0,0,0,0,0,0,0,0,0
2024-10-19,21177,32547,0,19473,23578,0,65595,125556,82000,37863
2024-10-18,26649,32268,0,19710,22386,0,67226,110903,88000,38775
2024-10-17,27831,33553,0,19049,26996,0,79429,94413,85607,46217
2024-10-16,29288,35212,0,18393,27497,36000,69880,112750,87000,49926
2024-10-15,29061,34384,0,18648,30057,36000,73978,119130,95000,63074
2024-10-14,32493,32886,0,18962,30067,36000,97726,108314,92000,58463
2024-10-13,0,0,0,0,0,0,0,0,0,0
2024-10-12,30219,34858,0,18979,28212,36000,96500,66000,77000,64821
2024-10-11,28852,35974,0,20776,35056,36000,99587,66000,74750,64614
2024-10-10,29153,37468,0,19086,34889,36000,97850,60000,69806,81836
2024-10-09,28906,37499,0,19232,37148,36000,97217,39000,66647,63612
2024-10-08,30663,36840,0,19409,40268,36000,89556,39000,66490,54676
2024-10-07,30326,35754,0,19778,46024,28000,90353,39000,68000,55894
2024-10-06,0,0,0,0,0,0,0,0,0,0
2024-10-05,34389,35164,0,20323,44593,30000,91957,130000,57000,60513
2024-10-04,31859,34828,0,19598,58547,38000,93565,130000,57288,65500
2024-10-03,31362,34037,0,19302,48891,34917,91833,130000,65000,48100
2024-10-02,33025,35399,0,18750,60101,34500,78222,25000,69000,48656
2024-10-01,31527,33861,0,18759,55708,35765,69524,25000,74000,46790
2024-09-30,34299,34417,0,19718,79466,34324,69875,29278,78409,52833
2024-09-29,0,0,0,0,0,0,0,0,0,0
2024-09-28,29463,37045,0,19962,85599,30500,64806,29278,81500,65455
2024-09-27,33730,38931,0,20674,75396,25050,69083,29278,79110,90000
2024-09-26,31502,39245,0,21472,82707,27080,70692,34000,72249,45706
2024-09-25,40379,38986,0,21712,109256,24690,75588,34000,72189,45706
2024-09-24,38845,36010,0,21947,131409,25775,69424,34000,89280,0
2024-09-23,44344,34737,0,21894,98945,30000,53068,0,136797,0
2024-09-22,0,0,0,0,0,0,0,0,0,0
2024-09-21,64195,36156,0,21502,59763,30476,50827,0,142042,0
2024-09-20,46310,38000,0,21661,63588,33576,32697,0,134706,0
2024-09-19,0,0,0,0,0,0,0,0,0,0
2024-09-18,0,0,0,0,0,0,0,0,0,0
2024-09-17,0,0,0,0,0,0,0,0,0,0
2024-09-16,36049,38222,0,21413,85078,18362,24309,36000,113000,0
2024-09-15,0,0,0,0,0,0,0,0,0,0
2024-09-14,60977,38222,0,21413,101878,37000,71109,36000,113000,0
2024-09-13,45335,36500,0,21046,159372,25761,74676,36000,107020,0
2024-09-12,42422,35499,0,20020,123194,26469,75286,36000,103127,0
2024-09-11,39299,32704,0,19655,99256,25927,68500,36000,109000,0
2024-09-10,37880,33975,0,19296,93999,31770,68968,36000,105000,0
2024-09-09,33433,32363,0,19063,94528,33459,68765,36000,105000,0
2024-09-08,0,0,0,0,0,0,0,0,0,0
2024-09-07,29610,31958,0,18744,121919,37691,65645,92000,90000,0
2024-09-06,30851,33007,0,18923,179515,36214,63452,92000,107043,0
2024-09-05,31657,33106,0,18628,224567,26794,58000,28000,102325,0
2024-09-04,29682,33042,0,17876,281076,26253,50350,28000,98374,0
2024-09-03,27555,33368,0,18162,259192,34351,49524,60000,94000,0
2024-09-02,26842,35359,0,18555,378056,32048,47608,55000,94000,0
2024-09-01,0,0,0,0,0,0,0,0,0,0
2024-08-31,25473,35287,0,18657,148543,25474,49161,60750,89255,0
2024-08-30,24690,31527,0,19741,215388,22715,49880,60750,95000,0
2024-08-29,22518,33724,0,19824,125080,27441,42379,45000,95000,0
2024-08-28,23377,32973,0,20833,110424,30069,36548,45000,90000,0
2024-08-27,20244,32431,0,20352,162251,29444,33594,45000,90000,0
2024-08-26,21862,33911,0,20328,187928,27732,31923,45000,98000,0
2024-08-25,0,0,0,0,0,0,0,0,0,0
2024-08-24,25110,35518,0,19216,152455,28151,36255,45000,118853,0
2024-08-23,24100,35312,0,20546,273700,26073,34776,50000,118853,0
2024-08-22,24550,35028,0,18947,318385,26830,33800,46000,113000,0
2024-08-21,19900,33192,0,19675,228305,26394,36322,46000,122000,0
2024-08-20,19205,35471,0,19566,212685,25867,35227,46000,120000,0
2024-08-19,21488,34573,0,20441,210293,26522,33991,46000,96000,0
2024-08-18,0,0,0,0,0,0,0,0,0,0
2024-08-17,29430,32464,0,19722,143023,28784,35639,65000,79500,0
2024-08-16,27136,34793,0,19821,227259,30914,45453,65000,79500,0
2024-08-15,24410,32433,0,19061,95838,27391,43974,65000,73000,0
2024-08-14,27687,31196,0,21512,89343,24161,47952,65000,77000,0
2024-08-13,21951,32377,0,19708,90958,24313,42000,42000,74000,0
2024-08-12,25173,34773,0,20028,91439,27919,41780,42000,74563,0
2024-08-11,0,0,0,0,0,0,0,0,0,0
2024-08-10,24888,34471,0,19652,71054,24623,36184,47667,76000,0
2024-08-09,23960,32105,0,19881,74261,31407,42829,47667,76000,0
2024-08-08,21142,31620,0,19776,74602,43461,43909,47667,74500,0
2024-08-07,20607,33230,0,19661,68422,45086,43683,47667,71903,0
2024-08-06,16241,33971,0,19499,62352,43923,42833,80000,74949,0
2024-08-05,17693,34915,0,20331,65492,42356,33968,80000,76000,0
2024-08-04,0,0,0,0,0,0,0,0,0,0
2024-08-03,0,0,0,0,0,0,0,0,0,0
2024-08-02,17511,37346,0,20449,56993,44750,41622,23000,78500,0
2024-08-01,17568,32555,0,20869,48827,36818,33696,23000,79000,0
2024-07-31,14541,34577,0,20100,50425,31843,30923,23000,76500,0
2024-07-30,13945,36325,0,19284,64963,32828,31788,23000,78400,0
2024-07-29,16032,34716,0,19216,46572,36848,32937,140000,77000,0
2024-07-28,0,0,0,0,0,0,0,0,0,0
2024-07-27,17435,32704,0,18937,47093,35987,32260,140000,77000,28828
2024-07-26,13723,31801,0,18831,40209,37000,30784,140000,77000,28828
2024-07-25,13672,34909,0,19547,40377,40145,26671,140000,71000,28828
2024-07-24,16541,33169,0,19729,34830,40387,23000,45000,74500,28828
2024-07-23,15353,30270,0,19946,39670,40053,22377,45000,73500,28828
2024-07-22,14502,33191,8000,19566,48843,39808,19826,45000,81000,28828
2024-07-21,0,0,0,0,0,0,0,0,0,0
2024-07-20,14044,36242,8000,18656,44018,36500,20024,70000,78500,28828
2024-07-19,16819,34049,8000,18479,48469,32395,21143,70000,78500,28828
2024-07-18,12861,32467,8000,19001,54212,35333,19796,70000,78500,28828
2024-07-17,12618,33924,8000,19764,54305,37194,22000,58650,77000,29926
2024-07-16,10729,33176,8000,20039,52098,37618,23623,58650,79000,29926
2024-07-15,11089,35366,8000,19386,53974,27960,24942,70673,77417,31676
2024-07-14,0,0,0,0,0,0,0,0,0,0
2024-07-13,12781,34205,0,19201,40285,24776,23841,61067,68000,28212
2024-07-12,12781,30826,0,17286,48120,26500,23382,61067,76000,29272
2024-07-11,14337,31865,0,16782,43682,22926,21452,58529,75000,27759
2024-07-10,11290,33158,0,16178,46645,29800,20274,58529,76000,27759
2024-07-09,13152,34794,0,17250,43109,32950,20602,58529,75988,27500
2024-07-08,10549,31375,0,16876,43619,30000,20888,74895,76500,27260
2024-07-07,0,0,0,0,0,0,0,0,0,0
2024-07-06,10618,32803,0,17070,28434,24833,24163,100000,76000,25000
2024-07-05,9734,31636,0,17116,29998,25436,20690,100000,76000,29013
2024-07-04,11340,31562,0,17424,24867,27000,21700,73913,74500,37839
2024-07-03,10805,34699,0,18180,31014,28068,22370,149450,71500,38773
2024-07-02,10761,33471,0,17805,35139,29409,22042,112500,73430,34441
2024-07-01,11279,33122,0,17236,35557,30679,17377,144225,71000,37328
2024-06-30,0,0,0,0,0,0,0,0,0,0
2024-06-29,10264,34114,0,16720,26848,23886,18000,59000,71858,33493
2024-06-28,9291,34276,0,15945,25799,25000,16873,149833,71858,30500
2024-06-27,7830,35690,0,15659,27389,28173,16675,149833,76241,32524
2024-06-26,7484,34977,0,16090,27830,27625,18000,83404,71000,38603
2024-06-25,8518,34159,0,15613,27000,26913,18818,81866,74493,41128
2024-06-24,7964,34004,0,15955,27483,26645,22459,163102,73483,31594
2024-06-23,0,0,0,0,0,0,0,0,0,0
2024-06-22,8522,30301,0,16050,23916,25176,25603,114067,71000,27039
2024-06-21,7672,31071,0,16143,23891,25000,23240,114067,71417,25905
2024-06-20,6674,29210,0,16396,24862,25500,21093,90733,71000,24844
2024-06-19,7114,27185,0,16670,21481,27974,20914,148878,64750,24593
2024-06-18,6850,26504,29450,17319,21869,28163,21202,103750,65932,25204
2024-06-17,7847,28241,29450,17933,19057,26000,22553,132539,68000,27136
2024-06-16,0,0,0,0,0,0,0,0,0,0
2024-06-15,6474,29649,38000,17035,14103,26141,23347,0,70000,26670
2024-06-14,9012,28685,32474,16572,15413,25000,24506,95000,70000,27914
2024-06-13,8767,26799,27211,16759,17833,26000,24645,143844,72000,30770
2024-06-12,8389,25837,27000,16979,15349,28592,23703,98000,74000,28229
2024-06-11,6678,31612,27875,17972,16910,30000,23120,100681,74500,26545
2024-06-10,7842,36389,24574,19350,17656,27500,24139,140921,74368,27449
2024-06-09,0,0,0,0,0,0,0,0,0,0
2024-06-08,7797,36157,25635,19624,16914,27000,25369,97573,71000,24557
2024-06-07,7950,37879,25328,20397,16094,29000,26286,97573,68000,24509
2024-06-06,7283,38578,23685,20361,15328,30500,26000,133788,65000,22956
2024-06-05,6953,36136,22330,19817,16938,33000,22934,93183,65500,25390
2024-06-04,7079,36011,23897,18896,17573,36500,23137,101423,63357,26855
2024-06-03,7657,37677,24863,18827,16164,37875,24176,122482,63833,27509
2024-06-02,0,0,0,0,0,0,0,0,0,0
2024-06-01,7364,41748,30967,20167,15416,34000,21451,91379,65367,26655
2024-05-31,7501,51006,27677,20891,14158,35000,22000,91379,64000,26778
2024-05-30,7886,52296,26407,21722,14486,34357,25236,116942,65814,26547
2024-05-29,9003,55526,25717,22357,14553,37500,29182,135526,64000,25442
2024-05-28,7707,56919,24251,22517,15545,0,27179,101337,66470,24201
2024-05-27,7765,53458,23734,21315,15884,0,31901,88204,62848,21604
2024-05-26,0,0,0,0,0,0,0,0,0,0
2024-05-25,7273,56465,27325,19634,15703,29000,34071,88000,65000,23300
2024-05-24,8196,57094,25690,19426,14937,29000,35750,88000,66108,24065
2024-05-23,7313,56834,29156,18646,16394,30000,37262,106825,63000,23752
2024-05-22,7452,55393,28014,18885,16548,32442,38419,80087,60543,24065
2024-05-21,8136,53743,28427,20034,17407,35500,37708,94040,57643,23256
2024-05-20,12192,54654,28161,19552,17344,33000,39116,110725,57886,24832
2024-05-19,0,0,0,0,0,0,0,0,0,0
2024-05-18,14005,56128,33495,18953,17041,30000,39863,103000,54000,27455
2024-05-17,13995,58951,34436,18583,16635,30000,41729,103000,57375,28038
2024-05-16,13990,58732,32534,19056,14504,0,39886,126742,58000,28147
2024-05-15,15200,56975,28474,19063,12853,27500,45178,126132,57837,28531
2024-05-14,16213,55473,27859,19247,12564,27500,43364,107121,55738,32042
2024-05-13,16625,53569,28392,18765,12698,29500,38933,107190,54567,34167
2024-05-12,0,0,0,0,0,0,0,0,0,0
2024-05-11,17126,54239,34936,21349,12111,30000,35178,113725,55000,48806
2024-05-10,17598,57929,38398,21909,13377,31000,43481,113725,55000,51136
2024-05-09,14890,60359,37884,22451,13868,34000,42000,88519,55191,48097
2024-05-08,14393,60923,32304,22962,14168,33000,43615,117741,57789,38720
2024-05-07,14435,62861,29319,22425,14762,0,45676,119485,58500,37965
2024-05-06,16775,63675,29792,24272,14133,0,40985,118532,57836,37599
2024-05-05,0,0,0,0,0,0,0,0,0,0
2024-05-04,18009,63220,42278,22135,17280,35000,37795,52926,56074,38758
2024-05-03,19042,65770,38228,21750,15776,35000,44871,120203,54645,40622
2024-05-02,19419,67699,39515,20724,17778,35500,40000,85000,56663,46024
2024-05-01,17952,65962,33975,20866,13620,0,39667,129613,70458,40781
2024-04-30,17609,65423,31000,20416,13203,0,38000,85483,82512,40568
2024-04-29,17506,61369,32482,19625,12906,0,39060,141191,84662,57148
2024-04-28,0,0,0,0,0,0,0,0,0,0
2024-04-27,17314,59015,46367,21223,12203,0,38577,62000,77000,66634
2024-04-26,16657,58806,45236,22699,11535,0,42368,94807,75000,63423
2024-04-25,17380,61055,42331,24794,11034,0,40000,144424,74660,62102
2024-04-24,17273,63129,39346,23932,11861,0,42186,68592,74049,67008
2024-04-23,19166,63068,37524,23076,14617,0,39000,95748,92030,60688
2024-04-22,18953,63836,36350,24646,14589,0,50736,137521,94701,49836
2024-04-21,0,0,0,0,0,0,0,0,0,0
2024-04-20,17619,63147,40910,24074,17650,0,37571,130554,94000,73349
2024-04-19,17557,58385,37695,23813,13324,0,56600,130554,96000,68724
2024-04-18,19726,60301,34802,21171,11188,0,42000,117431,98000,71416
2024-04-17,19247,69095,34574,19657,11515,0,61878,160042,98365,72045
2024-04-16,19829,71688,34499,21094,13459,0,45000,74961,100884,138535
2024-04-15,21255,69829,31130,21839,12822,0,61631,141235,98374,138590
2024-04-14,0,0,0,0,0,0,0,0,0,0
2024-04-13,20036,68648,39623,22945,13463,0,48000,151847,89000,132495
2024-04-12,18056,70316,36422,23864,15132,0,66566,151847,85000,108783
2024-04-11,18034,70725,33685,23527,14857,0,50000,112617,85589,94004
2024-04-10,17625,68337,31798,24183,15001,0,70090,76169,78263,91868
2024-04-09,17798,73832,32113,25928,14894,0,0,91484,82987,76940
2024-04-08,17535,66564,33947,26385,15841,0,72370,113071,79622,74782
2024-04-07,0,0,0,0,0,0,0,0,0,0
2024-04-06,15818,67976,40574,27162,16602,0,48000,92683,80000,74460
2024-04-05,15620,77974,34670,27474,16427,0,70000,92683,82119,74887
2024-04-04,14710,98889,34683,28185,16474,0,50000,93854,85000,83508
2024-04-03,15883,98563,35112,27686,18392,0,72453,111352,78746,93938
2024-04-02,14771,99121,38623,28882,18214,0,47000,88638,76639,70453
2024-04-01,14863,98364,39399,31926,19598,0,71281,103262,77557,57145
2024-03-31,0,0,0,0,0,0,0,0,0,0
2024-03-30,14390,94133,42231,32616,21389,0,46000,90873,76000,55399
2024-03-29,13848,84824,40541,29260,22045,0,69906,90873,76762,54278
2024-03-28,13785,83368,38744,27689,24296,0,48000,96010,76995,55991
2024-03-27,13735,85132,34219,25032,19644,0,68500,79585,78322,57737
2024-03-26,13117,86490,33008,25919,20684,0,66857,93082,80000,58467
2024-03-25,13442,82238,34145,25993,21740,0,66857,123838,74282,55818
2024-03-24,0,0,0,0,0,0,0,0,0,0
2024-03-23,13029,84391,36233,26009,26097,0,42400,79126,65695,55017
2024-03-22,13158,82853,35288,25432,27069,0,66756,79126,63458,54069
2024-03-21,13119,82950,33567,26147,23729,0,65295,101730,60893,47589
2024-03-20,13027,85716,33576,25963,23901,0,65295,109500,60664,47077
2024-03-19,12780,82682,35080,26852,22983,0,63033,95906,61265,44932
2024-03-18,13308,80345,38552,26627,23427,0,63033,135437,60374,50536
2024-03-17,0,0,0,0,0,0,0,0,0,0
2024-03-16,13493,79606,43821,26421,24243,0,50000,101463,61000,48425
2024-03-15,13187,79126,45863,25045,26026,0,70767,101463,60981,44141
2024-03-14,12442,76552,43151,24038,26835,0,66875,116171,60030,45095
2024-03-13,13020,78879,40915,24054,27279,0,66875,95311,56604,57882
2024-03-12,11850,78938,37485,23942,25483,0,66750,88333,53513,58427
2024-03-11,11754,77912,42449,22717,23310,0,66750,139394,50870,49145
2024-03-10,0,0,0,0,0,0,0,0,0,0
2024-03-09,11862,80000,46919,22456,20483,0,67806,62421,51861,29036
2024-03-08,11753,79203,48031,22579,23879,0,67806,97824,54389,34326
2024-03-07,12623,78282,46805,22879,22763,0,76606,105296,55085,33780
2024-03-06,12081,83300,42652,22762,23624,0,76606,93572,51147,45831
2024-03-05,11962,86332,40809,22850,24552,0,75000,93722,49713,52490
2024-03-04,11963,88052,43644,22663,22229,0,75000,119513,49560,42016
2024-03-03,0,0,0,0,0,0,0,0,0,0
2024-03-02,11785,90964,30000,22821,22428,0,77600,88899,51168,28747
2024-03-01,11785,90964,49999,22821,22428,0,77600,88899,49818,28747
2024-02-29,10415,80242,46846,22944,19173,0,45000,89244,53259,29153
2024-02-28,10668,80418,47089,23827,18717,0,75167,92493,52419,33826
2024-02-27,10931,78239,47367,23820,20469,0,65400,100390,51000,38077
2024-02-26,10976,81079,54756,23619,17068,0,65400,74051,45000,35476
2024-02-25,0,0,0,0,0,0,0,0,0,0
2024-02-24,11500,76168,63406,23116,15934,0,58000,64463,41215,29788
2024-02-23,10877,70782,49671,22851,14890,0,58000,68000,48132,33573
2024-02-22,10536,67204,33316,23030,15779,0,54429,78726,52564,31761
2024-02-21,10233,66000,36924,22577,15530,0,54429,94000,54927,30659
2024-02-20,10466,66525,34903,21672,16721,0,52182,95362,53974,28014
2024-02-19,10776,67000,41958,21530,17127,0,52182,78962,51600,26006
2024-02-18,0,0,0,0,0,0,0,0,0,0
2024-02-17,9683,67920,44036,20793,20627,0,52000,110121,36882,27028
2024-02-16,10131,64347,44036,20683,23662,0,52000,110121,33725,28736
2024-02-15,11144,62171,42758,20583,28339,0,48979,110121,33857,29779
2024-02-14,10581,64270,39318,20121,26385,0,48979,81984,32289,29900
2024-02-13,10798,66219,51107,20256,23193,0,0,0,39400,29517
2024-02-12,0,0,0,0,0,0,0,0,0,0
2024-02-11,0,0,0,0,0,0,0,0,0,0
2024-02-10,0,0,0,0,0,0,0,0,0,0
2024-02-09,5338,67167,59417,19690,19983,0,52833,75000,38381,20046
2024-02-08,8131,67167,67837,19690,37195,0,52833,75000,38381,26174
2024-02-07,9021,70154,66644,19509,25371,0,62821,75000,53251,26279
2024-02-06,9878,70270,50386,18864,25266,0,61912,87330,53673,26802
2024-02-05,8693,68358,66417,18853,24591,0,61912,112763,50337,26874
2024-02-04,0,0,0,0,0,0,0,0,0,0
2024-02-03,7820,62691,54568,19173,26224,0,61000,58000,43671,27675
2024-02-02,7424,62000,65705,19662,28288,0,61000,145000,39229,29448
2024-02-01,7306,64000,56146,19332,29015,0,58769,49971,37101,28938
2024-01-31,7659,68000,61933,19363,26825,0,58769,130951,34520,23260
2024-01-30,7955,67561,55291,19434,24053,0,59774,94577,33229,22040
2024-01-29,7568,67166,66665,19084,24093,0,59774,162642,31444,20472
2024-01-28,0,0,0,0,0,0,0,0,0,0
2024-01-27,8338,63375,58499,19426,23726,0,46000,70000,29793,23515
2024-01-26,7854,64041,62410,19540,25133,0,58964,82112,29737,24729
2024-01-25,7894,65449,58554,18559,29837,0,62286,105000,31169,21721
2024-01-24,6332,63861,61192,18417,24414,0,62286,61394,31911,19624
2024-01-23,7140,68557,58541,18219,22570,0,59385,94090,34113,23248
2024-01-22,7972,75128,63895,19100,21269,0,59385,146222,35450,24270
2024-01-21,0,0,0,0,0,0,0,0,0,0
2024-01-20,8520,73954,55367,18376,21425,0,62000,54383,32541,24562
2024-01-19,8215,72652,60779,18469,19233,0,62000,129691,27490,23802
2024-01-18,6922,73010,53457,17977,18122,0,60136,88981,27388,24091
2024-01-17,5789,62067,53457,17482,16438,0,60136,88875,27405,23012
2024-01-16,5538,67066,50710,17908,15784,0,57435,114117,27256,21853
2024-01-15,5790,72325,55305,17949,15550,0,57435,132118,25969,23744
2024-01-14,0,0,0,0,0,0,0,0,0,0
2024-01-13,5826,70228,56047,17666,15085,0,56389,45889,26021,27489
2024-01-12,6263,68778,51937,17549,14902,0,56389,120000,24123,24356
2024-01-11,5766,66127,44095,18699,14446,0,56000,106442,24892,20642
2024-01-10,6659,67646,44546,18420,15485,0,56000,106355,23863,18439
2024-01-09,6800,67003,39772,19626,15294,0,53083,110000,25662,18260
2024-01-08,6899,67832,46159,19906,16530,0,53083,106489,24879,18074
2024-01-07,0,0,0,0,0,0,0,0,0,0
2024-01-06,5486,67523,47128,20219,16118,0,56269,94586,26217,19011
2024-01-05,6323,67656,47076,20724,16272,0,56269,94586,26745,20295
2024-01-04,6463,67765,42349,20470,15863,0,54129,135000,26263,21382
2024-01-03,6962,66943,51760,20622,15247,0,54129,109923,26673,25759
2024-01-02,0,0,0,0,0,0,0,0,0,0
2024-01-01,0,0,0,0,0,0,0,0,0,0
2023-12-31,0,0,0,0,0,0,0,0,0,0
2023-12-30,6311,70941,57720,20733,16472,0,59000,55000,28645,26943
2023-12-29,7062,76392,59986,21548,16240,0,64538,90000,27192,23416
2023-12-28,6034,74846,59099,21175,15259,0,63500,80000,27601,22627
2023-12-27,7040,75667,54989,21389,14131,0,63500,96419,27733,23892
2023-12-26,6667,77914,54995,20962,14991,0,51000,154651,27243,25331
2023-12-25,7357,80359,63487,21696,14395,0,61000,112195,29825,23542
2023-12-24,0,0,0,0,0,0,0,0,0,0
2023-12-23,7805,81054,62857,20136,14436,0,60000,64704,27197,21667
2023-12-22,6982,73582,56961,19313,15710,0,60000,64704,28044,19512
2023-12-21,7353,60694,57640,18911,16901,0,46333,108696,28586,20878
2023-12-20,8800,57660,52085,19166,17903,0,58000,81129,29091,19249
2023-12-19,6209,53036,47818,18961,14949,0,54333,68000,30000,17227
2023-12-18,7769,54969,47898,19367,15051,0,61000,104545,30180,18943
2023-12-17,0,0,0,0,0,0,0,0,0,0
2023-12-16,9211,45279,48048,18615,13723,0,46591,38000,27000,20412
2023-12-15,6686,54995,45727,18970,13663,0,63250,96184,25698,21169
2023-12-14,7415,50007,46375,19633,12223,0,55000,124490,24821,22902
2023-12-13,5749,50945,45152,19446,11856,0,55727,106882,25084,21840
2023-12-12,7676,46914,47708,19145,12158,0,64211,100000,24742,21289
2023-12-11,7459,52169,48747,19205,12973,0,63611,106565,26609,22203
2023-12-10,0,0,0,0,0,0,0,0,0,0
2023-12-09,6008,52905,52847,20057,12342,0,52000,80000,23129,24896
2023-12-08,6243,42992,56185,19612,13223,0,70000,126861,24151,25370
2023-12-07,6588,42405,58035,19347,13471,0,54071,102667,24286,24959
2023-12-06,8363,43543,53852,19531,15316,0,50294,129714,27825,25408
2023-12-05,7714,49559,51612,19524,17691,0,50294,137590,28327,23574
2023-12-04,7500,48806,55196,19295,17711,0,48750,94573,30670,23467
2023-12-03,0,0,0,0,0,0,0,0,0,0
2023-12-02,8521,45061,68560,19309,16472,0,51000,128144,32734,21486
2023-12-01,8521,45061,68560,19309,16472,0,51000,128144,32734,21486
2023-11-30,7093,48326,67434,18585,15547,0,43500,103558,29424,19672
2023-11-29,6341,42311,63000,18629,13287,0,38000,110869,27647,18785
2023-11-28,7222,43965,56239,18433,12748,0,48000,83277,26716,19368
2023-11-27,7879,42049,57500,19076,13167,0,45000,113742,26295,21348
2023-11-26,0,0,0,0,0,0,0,0,0,0
2023-11-25,6729,42826,65763,19047,13159,0,53548,75731,27289,25488
2023-11-24,8404,44423,67991,18855,15026,0,65000,91327,37393,23099
2023-11-23,8616,42000,73506,18697,16013,0,68000,51613,39678,21317
2023-11-22,7499,46455,72729,19404,15632,0,60000,101941,38642,19706
2023-11-21,6682,44665,70949,19054,14975,0,63273,80038,40948,24793
2023-11-20,7644,43366,82247,19665,15971,0,51778,94188,45580,25569
2023-11-19,0,0,0,0,0,0,0,0,0,0
2023-11-18,10671,38000,92688,20304,15575,0,50500,60680,47877,24201
2023-11-17,10119,44722,90127,20167,14544,0,48000,87775,49210,22848
2023-11-16,8111,45057,104125,20352,14912,0,46800,70562,46789,23668
2023-11-15,7516,41718,90296,20467,12423,0,40591,102315,41830,23563
2023-11-14,6811,38761,78087,19684,13780,0,36522,73488,40708,24720
2023-11-13,6327,38850,77057,20538,13870,0,44000,78244,44567,25552
2023-11-12,0,0,0,0,0,0,0,0,0,0
2023-11-11,7512,43546,88235,20351,19702,0,38808,80345,40000,30763
2023-11-10,8165,40385,84914,20093,15311,0,48844,60963,65221,23091
2023-11-09,6793,40818,81320,20322,11515,0,44650,51544,65139,21542
2023-11-08,6785,41890,80268,21078,11271,0,54630,91705,72135,21278
2023-11-07,8629,40562,80535,21383,11896,0,46103,82387,78965,24397
2023-11-06,8129,41000,75678,20855,14068,0,53129,62684,85636,25844
2023-11-05,0,0,0,0,0,0,0,0,0,0
2023-11-04,8612,38739,97852,21357,18116,0,53750,84178,89000,30058
2023-11-03,8612,38739,97852,21357,18116,0,53750,84178,89000,30058
2023-11-02,10289,39784,96714,21749,17136,0,47163,67969,87744,21774
2023-11-01,8359,40210,103500,20954,14992,0,40405,61120,84283,22680
2023-10-31,9020,39968,92727,20864,16258,0,47722,61668,76184,22527
2023-10-30,9847,37813,88132,20387,16105,0,56302,61304,73889,24525
2023-10-29,0,0,0,0,0,0,0,0,0,0
2023-10-28,9360,39652,107368,20509,17414,0,57712,63662,69000,27149
2023-10-27,9850,39615,130000,20877,17568,0,63308,66844,69000,30910
2023-10-26,11413,38726,121667,20607,18103,0,44172,80000,68000,30240
2023-10-25,11440,40193,100000,20806,17734,0,60093,65685,67441,31325
2023-10-24,11858,39944,102857,20279,17924,0,55692,65791,66313,29729
2023-10-23,15885,38339,100000,21224,16775,0,60188,67188,65603,29305
2023-10-22,0,0,0,0,0,0,0,0,0,0
2023-10-21,13680,36174,100000,21017,15491,0,64303,56000,61000,32440
2023-10-20,17293,38155,0,20915,14764,0,71769,86627,58328,33536
2023-10-19,12718,41432,0,20831,15710,0,75000,67866,56620,32173
2023-10-18,13769,38726,0,21227,16822,0,89789,80758,55087,32627
2023-10-17,14373,37842,0,20846,17300,0,80406,95000,53500,35049
2023-10-16,13448,38203,0,21243,20978,20000,87407,79350,51746,35480
2023-10-15,0,0,0,0,0,0,0,0,0,0
2023-10-14,17647,35333,0,21173,23396,20000,91000,66500,50222,40008
2023-10-13,19076,37699,0,20671,22799,20000,92241,87043,50222,41785
2023-10-12,19553,38616,0,21033,23553,20000,84923,76000,50199,55604
2023-10-11,19440,36413,0,21082,23397,20000,69643,80895,51022,47537
2023-10-10,19376,37165,0,21534,25266,20000,68000,89533,52124,63037
2023-10-09,19571,37551,0,22324,29533,20000,58879,75846,52643,64103
2023-10-08,0,0,0,0,0,0,0,0,0,0
2023-10-07,21157,38836,0,22708,29132,20000,48815,63000,52000,78067
2023-10-06,19302,39834,0,23352,33826,19500,42390,63000,52000,50781
2023-10-05,17959,41680,0,22969,39691,21000,36550,63000,56631,52380
2023-10-04,17502,41868,0,22421,34686,19000,35695,63000,65000,49489
2023-10-03,18819,40681,0,22416,40269,21375,41108,63000,69462,55049
2023-10-02,27952,41291,0,22334,49493,25000,37311,63000,77232,57489
2023-10-01,0,0,0,0,0,0,0,0,0,0
2023-09-30,0,0,0,0,0,0,0,0,0,0
2023-09-29,0,0,0,0,0,0,0,0,0,0
2023-09-28,27688,40500,0,21265,55564,25000,25646,63000,83633,53857
2023-09-27,29496,40500,0,21265,76389,25000,51447,63000,83633,75487
2023-09-26,24177,43620,0,22224,70353,28000,54404,63000,86239,56516
2023-09-25,20218,40551,0,21705,63509,26000,57014,63000,81295,53443
2023-09-24,0,0,0,0,0,0,0,0,0,0
2023-09-23,22763,41325,0,21240,58157,21667,59070,63000,78500,52771
2023-09-22,29751,40248,0,21080,54164,17542,78939,63000,72693,44194
2023-09-21,26526,40379,0,20499,43260,18846,77444,63000,73043,48378
2023-09-20,27028,39656,0,19986,42314,26500,71514,63000,73625,48961
2023-09-19,24514,39556,0,20151,38043,27143,65238,55000,78827,45667
2023-09-18,22558,39481,0,19892,42990,36500,63122,55000,95395,54069
2023-09-17,0,0,0,0,0,0,0,0,0,0
2023-09-16,22430,35835,0,19443,41743,36500,54061,60000,103000,62817
2023-09-15,22045,37251,0,18548,50558,38500,58237,60000,101859,59500
2023-09-14,19021,36961,0,18704,52359,39500,55452,60000,96363,55890
2023-09-13,17681,36377,0,19142,46059,41824,52449,57667,84798,57939
2023-09-12,19307,38620,0,20198,60767,40500,57894,57667,84500,50650
2023-09-11,19431,39054,0,21059,75444,35768,68961,57667,80000,44128
2023-09-10,0,0,0,0,0,0,0,0,0,0
2023-09-09,17541,39434,0,21419,89160,29729,70529,57667,72000,21658
2023-09-08,15090,45143,0,21888,98119,29690,69872,57667,72000,21658
2023-09-07,16233,44578,0,22094,116382,23410,62231,57667,66000,57731
2023-09-06,16105,46103,0,21956,109103,28286,73638,57667,67000,57731
2023-09-05,17920,44711,0,21670,118621,31841,68385,57667,78481,57731
2023-09-04,16639,42162,0,21959,127248,27375,64825,57667,90000,57731
2023-09-03,0,0,0,0,0,0,0,0,0,0
2023-09-02,14516,39416,0,22162,127284,27604,65061,62000,98838,57731
2023-09-01,13965,44465,0,22333,133519,25000,59735,53000,98838,57731
2023-08-31,13634,42037,0,22733,98535,23760,54375,53000,99944,57731
2023-08-30,11960,39271,0,21684,82163,27175,46432,77684,96742,57731
2023-08-29,13117,45164,0,21543,89278,32486,43974,77684,88500,57731
2023-08-28,13811,36597,0,22233,97166,33431,44179,52000,85500,57731
2023-08-27,0,0,0,0,0,0,0,0,0,0
2023-08-26,21114,42289,0,21351,64990,36500,47184,39000,82894,57731
2023-08-25,20085,41354,0,21656,120054,21417,50906,39000,82894,57731
2023-08-24,17313,41445,0,22605,135225,17942,56326,39000,77000,57731
2023-08-23,16485,36714,0,21074,145393,19000,56147,39000,81000,57731
2023-08-22,16681,37909,0,21393,142007,22975,57353,42000,80000,57731
2023-08-21,20136,36518,0,23417,118758,25406,55547,57000,75880,57731
2023-08-20,0,0,0,0,0,0,0,0,0,0
2023-08-19,23252,40582,0,23207,98963,21775,55932,60800,74000,57731
2023-08-18,20606,42417,0,23124,201677,22650,56471,68000,73000,57731
2023-08-17,15825,40393,0,22816,123105,19113,50963,70000,70000,57731
2023-08-16,14745,41980,0,23306,85419,22120,47105,70000,66000,57731
2023-08-15,17330,43596,0,22590,75901,21543,38296,55000,64914,57731
2023-08-14,15696,40479,0,23463,75181,22376,34853,55000,64223,57731
2023-08-13,0,0,0,0,0,0,0,0,0,0
2023-08-12,15967,41637,0,23179,72891,21768,34409,69000,58000,57731
2023-08-11,25582,42283,0,24478,79573,20273,35818,69000,58000,57731
2023-08-10,32164,43646,0,22971,91592,22919,34961,69000,60121,57731
2023-08-09,27146,42426,0,23767,77397,30535,38517,69000,61000,57731
2023-08-08,20507,42929,0,22969,82704,33359,40820,69000,62000,57731
2023-08-07,22557,44869,0,23106,78980,31373,41528,52000,63889,57731
2023-08-06,0,0,0,0,0,0,0,0,0,0
2023-08-05,0,0,0,0,0,0,0,0,0,0
2023-08-04,23575,49477,0,22832,84065,32397,45235,55000,62000,36875
2023-08-03,19085,47498,0,22853,74256,28943,42622,55000,63767,36875
2023-08-02,19364,46231,0,21770,61633,42255,42814,55000,63000,36875
2023-08-01,20223,43760,0,20265,64703,38736,38070,65000,60000,36875
2023-07-31,16278,41496,0,21837,76875,36130,34867,65000,61000,36875
2023-07-30,0,0,0,0,0,0,0,0,0,0
2023-07-29,14852,44099,0,20242,60578,28440,37132,65000,56270,36875
2023-07-28,15375,40749,0,21342,58741,31453,30328,65000,56270,36875
2023-07-27,11480,38311,0,21740,56578,35568,29123,65000,54000,36875
2023-07-26,9331,39832,0,23096,70866,33770,28894,65000,53471,33396
2023-07-25,8676,43508,0,22900,63776,28263,33964,65000,54092,32426
2023-07-24,13475,44790,0,22607,67885,25746,35750,66615,54391,36697
2023-07-23,0,0,0,0,0,0,0,0,0,0
2023-07-22,10764,42231,0,23478,76387,23040,37778,61000,51000,33000
2023-07-21,9285,39253,0,24242,67807,30273,29471,61000,51000,35087
2023-07-20,7731,38835,0,23858,50996,29553,25492,61000,42000,44019
2023-07-19,18405,39143,0,24074,50278,31154,24337,85000,44500,47957
2023-07-18,6865,39221,0,23945,60704,35500,24247,60429,38000,41746
2023-07-17,6754,38327,0,22975,63199,25272,23942,92500,42000,35412
2023-07-16,0,0,0,0,0,0,0,0,0,0
2023-07-15,18320,38708,0,22882,49257,18500,23458,92500,40716,29611
2023-07-14,10730,33599,0,22339,69428,16513,23302,92500,40716,33184
2023-07-13,9554,33165,0,22479,79015,16321,24213,92500,41220,38373
2023-07-12,7703,35532,0,22881,48281,15852,24805,65750,43000,41127
2023-07-11,9287,35575,0,22963,44847,17690,25212,65750,44000,39668
2023-07-10,11498,36228,0,23230,48441,18793,24667,40000,43000,36347
2023-07-09,0,0,0,0,0,0,0,0,0,0
2023-07-08,5441,35219,0,21852,46666,17219,24938,59158,42913,30319
2023-07-07,6307,35154,0,20428,41554,20760,25202,59158,42913,32606
2023-07-06,11336,35671,0,19420,36523,23663,22962,62167,41782,36745
2023-07-05,8039,37541,0,19331,37321,26315,22733,66328,43000,45723
2023-07-04,6412,36096,0,19345,42131,24069,22036,66328,44500,44752
2023-07-03,6826,35817,0,19190,39953,22786,19635,57524,45653,35927
2023-07-02,0,0,0,0,0,0,0,0,0,0
2023-07-01,9166,37459,0,19380,22024,16628,21000,60000,43000,31824
2023-06-30,10399,32652,0,19224,24363,18884,20537,59359,43000,31208
2023-06-29,7191,35832,0,19151,22392,21613,22519,68000,43000,33367
2023-06-28,7598,40963,0,19692,25091,23945,23631,74132,44754,36149
2023-06-27,13230,46366,0,20046,24316,27913,23321,64544,44000,35940
2023-06-26,10249,46397,0,20064,25094,27458,21000,61716,43785,34159
2023-06-25,0,0,0,0,0,0,0,0,0,0
2023-06-24,11239,48508,0,19668,17858,24740,21394,70657,38000,30825
2023-06-23,6859,45469,0,19993,21024,24908,23561,70657,43204,34650
2023-06-22,8570,42671,0,19894,23868,26429,25000,58000,44000,37126
2023-06-21,10636,40664,0,19867,22727,25735,26740,71038,44000,32145
2023-06-20,7576,37109,0,19774,21888,26116,24023,71038,45000,28353
2023-06-19,8502,38588,0,19818,25107,29160,26302,74947,43916,26041
2023-06-18,0,0,0,0,0,0,0,0,0,0
2023-06-17,8639,39048,0,19634,20107,27694,25141,68568,45000,25485
2023-06-16,10767,39226,0,18616,20189,25463,26663,68568,45000,27743
2023-06-15,10937,39872,30000,18583,21384,30170,24612,70000,45000,27938
2023-06-14,7604,42193,30000,17950,23022,28630,23627,64500,44720,27646
2023-06-13,8866,42871,30000,17798,21710,32000,23143,69589,43964,29720
2023-06-12,9770,41365,30000,18416,20494,32500,23070,67174,45488,33593
2023-06-11,0,0,0,0,0,0,0,0,0,0
2023-06-10,11878,40779,41000,18593,18859,32500,22380,67174,44991,33199
2023-06-09,10172,40654,33000,18689,18209,26500,23667,67174,44991,28039
2023-06-08,10338,33908,26000,18312,19059,28188,23609,74432,44829,25731
2023-06-07,10448,37092,23222,18478,18723,29000,23817,64917,44000,25364
2023-06-06,12901,39643,22000,20256,19309,32000,23581,67409,45669,28478
2023-06-05,11261,52453,22881,20327,19728,30306,24790,72000,44544,34470
2023-06-04,0,0,0,0,0,0,0,0,0,0
2023-06-03,8550,64822,20681,22897,15738,31409,23792,53000,43828,30654
2023-06-02,9717,66863,19278,22861,16094,29769,23929,62000,45339,30267
2023-06-01,11998,71690,20821,22937,15420,31167,22468,77529,43000,26827
2023-05-31,11800,74196,21364,21227,19584,32000,22594,60000,42758,22887
2023-05-30,8139,61841,21321,21076,17003,30000,22447,44531,42500,23045
2023-05-29,12870,66931,21765,19972,16778,30000,21612,55000,43000,21400
2023-05-28,0,0,0,0,0,0,0,0,0,0
2023-05-27,10625,62214,24068,19873,14937,28500,22443,44111,42000,27408
2023-05-26,7356,64375,23856,21313,15755,32581,25209,66891,39809,27116
2023-05-25,6873,72802,23233,18508,14875,35457,24387,57311,41000,26100
2023-05-24,7274,79017,23088,17898,15590,38790,23423,60787,38724,28203
2023-05-23,7330,81028,23456,16588,15168,35000,24587,61871,36852,30012
2023-05-22,7497,74670,23413,16800,16165,33538,24342,60475,36988,29857
2023-05-21,0,0,0,0,0,0,0,0,0,0
2023-05-20,11105,69959,28261,16111,17759,23000,26375,37200,32000,35076
2023-05-19,10864,67502,28731,16019,16942,25000,25377,56093,37161,33062
2023-05-18,10754,66771,26718,16268,16201,31000,25204,78117,36000,32171
2023-05-17,13263,66338,25771,15923,16771,29000,24835,60783,38000,35751
2023-05-16,12571,64700,28303,16501,17862,31000,24238,59707,37355,37870
2023-05-15,12863,67256,29865,16820,17557,30000,24823,63000,38504,37383
2023-05-14,0,0,0,0,0,0,0,0,0,0
2023-05-13,9750,70759,31069,16403,16440,26500,23878,62636,38000,45606
2023-05-12,8484,70765,34088,16016,16790,28000,26113,62636,39795,50803
2023-05-11,9901,72428,32784,15954,16258,29500,25857,63781,39778,44576
2023-05-10,11110,72535,35734,18204,16705,32000,26069,72123,37720,45530
2023-05-09,11396,73837,40136,21143,15668,33500,28516,60747,41228,37967
2023-05-08,12331,74390,40273,22536,16841,36000,28343,55148,43536,34399
2023-05-07,0,0,0,0,0,0,0,0,0,0
2023-05-06,17305,74509,44074,25193,16678,32500,29500,41000,37000,36610
2023-05-05,13221,72046,35939,20355,16285,32500,32000,53426,41669,38509
2023-05-04,12204,68073,38669,16051,17226,32500,32405,48132,41793,42319
2023-05-03,12674,67887,38936,14570,15279,36000,35000,57400,41801,38453
2023-05-02,12647,67053,37125,14600,15534,32000,27333,52118,42562,42043
2023-05-01,11379,66586,41957,14401,15893,34000,32656,76627,42000,65184
2023-04-30,0,0,0,0,0,0,0,0,0,0
2023-04-29,10852,67086,50634,13912,14431,32500,26400,45000,40000,83825
2023-04-28,11046,66974,51428,13592,12690,0,27972,47111,43162,88898
2023-04-27,12490,67718,44734,13237,13627,0,22267,42290,42758,69900
2023-04-26,11932,67916,37062,12134,13154,0,26229,41386,43665,76477
2023-04-25,11778,66137,34338,11177,13119,0,26063,47009,46600,64959
2023-04-24,10862,66999,31505,11655,13287,0,26063,44489,49000,57626
2023-04-23,0,0,0,0,0,0,0,0,0,0
2023-04-22,9676,70225,31882,13864,12320,0,26333,63874,46681,52781
2023-04-21,9754,74750,31424,17361,11601,0,35545,63874,46681,73335
2023-04-20,10200,78736,31358,18008,12088,0,38304,48392,56597,78099
2023-04-19,10816,80546,31787,20312,12069,0,38304,46000,63000,99902
2023-04-18,10769,78705,32458,20124,12598,0,31231,46584,64714,81738
2023-04-17,10624,83143,32430,20709,13503,0,39818,45798,64918,86136
2023-04-16,0,0,0,0,0,0,0,0,0,0
2023-04-15,13601,83555,39984,22112,12044,0,33938,45934,61000,60382
2023-04-14,12025,86282,36023,21844,12908,0,42586,45934,56309,62922
2023-04-13,12046,86140,34810,23055,12658,0,32125,53340,57000,69310
2023-04-12,12277,86118,32855,25918,11619,0,38667,60441,58233,63139
2023-04-11,11885,82815,32342,27755,11815,0,38483,48031,62500,47149
2023-04-10,11457,75998,33184,27023,11272,0,38483,53314,53579,41172
2023-04-09,0,0,0,0,0,0,0,0,0,0
2023-04-08,11616,79695,38097,25164,11724,0,38212,35212,50000,40698
2023-04-07,13257,87728,33229,25652,12538,0,38212,43684,54034,47039
2023-04-06,12177,91297,29346,26903,12820,0,39242,58500,56148,43091
2023-04-05,11693,90467,28517,26377,13772,0,39242,44457,55000,38164
2023-04-04,11418,97531,30764,24617,13305,0,38286,41123,56361,45530
2023-04-03,10903,98091,32957,23191,11058,0,38286,52405,58179,50100
2023-04-02,0,0,0,0,0,0,0,0,0,0
2023-04-01,9072,84000,38835,19191,10359,0,43120,37000,31263,55238
2023-03-31,8695,82204,34265,20976,11386,0,43120,42626,62628,50230
2023-03-30,6978,83441,31167,22385,12294,0,45063,38000,59880,39180
2023-03-29,8031,87715,31311,26367,12713,0,45063,64045,61879,30169
2023-03-28,8556,98000,33525,26504,12311,0,46139,50104,65000,30164
2023-03-27,8953,112050,33583,29313,12118,0,46139,40354,64828,31558
2023-03-26,0,0,0,0,0,0,0,0,0,0
2023-03-25,8603,114251,36316,30040,11020,0,43000,50017,48000,28878
2023-03-24,8279,96041,33881,26808,11568,0,43000,50017,60000,32848
2023-03-23,8555,86885,31904,23298,13678,0,49900,35920,60000,38624
2023-03-22,8420,86028,32662,21942,12781,0,49900,40649,59197,43845
2023-03-21,8199,93031,35379,21888,11921,0,54451,46655,57377,36852
2023-03-20,7570,108656,34867,21346,10872,0,54451,39800,56101,29538
2023-03-19,0,0,0,0,0,0,0,0,0,0
2023-03-18,8500,122610,39038,22730,10069,0,57971,34000,52000,28996
2023-03-17,8414,114000,39405,24284,11242,0,57971,50140,50278,31542
2023-03-16,8300,103000,36499,24970,11260,0,54313,33736,57161,34174
2023-03-15,8168,91679,35480,25607,11405,0,54313,41388,56591,34559
2023-03-14,8369,88346,33619,26618,11366,0,52625,63738,49661,35033
2023-03-13,8684,88000,35111,26948,12200,0,52625,47000,52957,33978
2023-03-12,0,0,0,0,0,0,0,0,0,0
2023-03-11,8600,85000,37500,26796,10178,0,52375,34000,52801,38107
2023-03-10,7875,82405,35232,27053,12248,0,52375,48758,52801,30110
2023-03-09,8119,84035,34303,27477,13097,0,49727,36238,53634,27084
2023-03-08,8999,87721,33284,27611,13753,0,49727,38661,55782,30536
2023-03-07,10248,91000,36711,28281,13728,0,48750,46959,56627,28892
2023-03-06,8833,96219,36844,28431,14085,0,48750,58023,54830,24123
2023-03-05,0,0,0,0,0,0,0,0,0,0
2023-03-04,8392,93953,41238,28296,14032,0,49541,25000,44000,23842
2023-03-03,7954,81000,43854,28387,12947,0,49541,42583,50318,29264
2023-03-02,7686,77050,40410,28735,13565,0,48550,51725,51867,30529
2023-03-01,7086,73004,39647,28645,13588,0,47813,46215,55148,34896
2023-02-28,6416,72568,40270,28034,14447,0,48550,36852,57376,31000
2023-02-27,7500,71000,42056,27015,15983,0,48550,38989,56530,22376
2023-02-26,0,0,0,0,0,0,0,0,0,0
2023-02-25,7100,69107,43596,25657,13860,0,51867,32000,50000,20925
2023-02-24,6535,68113,44499,25226,14177,0,51867,34462,55061,18502
2023-02-23,6460,66394,42886,25090,13658,0,49455,37000,56062,19089
2023-02-22,6280,65358,42460,25056,12948,0,49455,49211,54994,21059
2023-02-21,6395,63166,44986,24913,12928,0,48000,27813,55776,22214
2023-02-20,7460,63397,46128,24750,13482,0,48000,41626,52536,22612
2023-02-19,0,0,0,0,0,0,0,0,0,0
2023-02-18,6700,62614,46633,24896,12921,0,47071,30955,52056,20426
2023-02-17,6300,62754,45276,24846,15336,0,47071,44969,52056,18953
2023-02-16,7195,63634,45597,24007,16209,0,45818,36872,51510,18858
2023-02-15,7988,63224,46420,22950,15358,0,45818,51485,53000,18668
2023-02-14,6700,63624,37935,22599,15461,0,46000,37068,53000,18721
2023-02-13,6529,62853,41797,22703,15864,0,46000,38671,52509,19762
2023-02-12,0,0,0,0,0,0,0,0,0,0
2023-02-11,6700,60131,45506,22338,16670,0,51476,49917,50000,21248
2023-02-10,6308,57549,42012,22026,16792,0,51476,49917,52144,21534
2023-02-09,5840,57804,35697,21780,16899,0,53000,51500,49583,21839
2023-02-08,5524,59852,41484,22017,16728,0,53000,29653,53953,20937
2023-02-07,5782,63503,33036,22767,16498,0,45931,48228,52766,20519
2023-02-06,5681,61702,43251,22930,15500,0,45931,42000,54487,21446
2023-02-05,0,0,0,0,0,0,0,0,0,0
2023-02-04,5505,62616,42379,22717,15907,0,41625,41660,54308,21308
2023-02-03,5536,63671,46575,23066,18195,0,41625,65341,54308,21651
2023-02-02,5951,64568,40524,23776,21739,0,38250,32762,54882,22679
2023-02-01,6239,66290,56664,24043,19827,0,38250,37000,59224,20009
2023-01-31,7100,67380,46753,23901,19863,0,37000,45556,58284,19211
2023-01-30,6768,70000,55246,23795,19997,0,37000,52237,59232,18032
2023-01-29,0,0,0,0,0,0,0,0,0,0
2023-01-28,6400,70389,61433,23691,21415,0,36875,35000,61544,19557
2023-01-27,6678,71359,47922,23363,22454,0,36875,96765,62000,24720
2023-01-26,5200,54469,35970,23239,24495,0,14000,33800,64000,28801
2023-01-25,5200,58000,49179,22307,17349,0,34944,26762,61500,23894
2023-01-24,0,0,0,0,0,0,0,0,0,0
2023-01-23,0,0,0,0,0,0,0,0,0,0
2023-01-22,0,0,0,0,0,0,0,0,0,0
2023-01-21,4288,68057,55601,22647,14458,0,5500,26762,59714,12355
2023-01-20,4288,68057,57860,22647,17882,0,36447,26762,59714,13231
2023-01-19,4300,71998,47334,22643,18083,0,34130,32000,61712,14394
2023-01-18,4500,70342,44392,22116,15379,0,34130,24500,61640,18097
2023-01-17,4435,65246,40928,21785,14664,0,32108,27846,59865,19548
2023-01-16,4535,63352,46232,21911,14945,0,32108,61706,57805,22148
2023-01-15,0,0,0,0,0,0,0,0,0,0
2023-01-14,4300,65943,42061,21630,15073,0,32400,90862,52296,23006
2023-01-13,4600,64819,47999,21798,15746,0,32400,38224,52296,23789
2023-01-12,4728,62740,41418,22187,15272,0,31000,69569,48772,23990
2023-01-11,4374,58998,44253,22615,14771,0,31000,41953,47000,24350
2023-01-10,4094,60130,41925,22579,14780,0,29419,67213,45669,25226
2023-01-09,4317,63675,45459,22938,15534,0,29419,46198,46422,25107
2023-01-08,0,0,0,0,0,0,0,0,0,0
2023-01-07,4685,61687,44646,23185,14251,0,17000,52267,49000,23661
2023-01-06,4700,67258,46724,23267,15889,0,31586,50937,48467,24289
2023-01-05,4690,73887,40157,23464,17335,0,29798,34004,50000,25510
2023-01-04,4856,77687,42116,23344,16562,0,29798,70166,49150,27821
2023-01-03,4800,77916,46532,24150,14498,0,25341,66484,51348,34843
2023-01-02,0,0,0,0,0,0,0,0,0,0
2023-01-01,0,0,0,0,0,0,0,0,0,0
2022-12-31,4500,48007,46907,24015,14292,0,28000,36091,52702,23640
2022-12-30,4326,74379,52238,23629,13825,0,28000,40257,52702,23261
2022-12-29,5449,72647,47581,23691,13353,0,29680,38347,52500,23341
2022-12-28,5400,74291,48503,23493,14101,0,29680,59097,51084,18979
2022-12-27,5800,74539,49419,23365,12631,0,29964,37020,50000,20039
2022-12-26,9509,71601,51246,23644,12317,0,29964,50218,52364,24519
2022-12-25,0,0,0,0,0,0,0,0,0,0
2022-12-24,5800,75610,48855,23393,10889,0,27657,75000,47500,37794
2022-12-23,5473,74678,49201,23664,11042,0,27657,40190,50000,32196
2022-12-22,5748,74193,49847,23412,13099,0,25000,48607,50204,23450
2022-12-21,5680,66981,45035,23610,13017,0,24556,58250,50000,18374
2022-12-20,5869,62338,41543,23478,10859,0,30333,44154,48500,17859
2022-12-19,7100,53962,43672,22662,11575,0,25261,38227,47000,24221
2022-12-18,0,0,0,0,0,0,0,0,0,0
2022-12-17,5300,52239,41777,22820,9785,0,29364,33000,42611,16030
2022-12-16,4500,47594,44839,22800,9171,0,25000,51374,42611,18066
2022-12-15,3764,51539,43262,23024,9320,0,28600,47485,39440,18590
2022-12-14,4570,49010,40092,22793,10578,0,27000,58859,40935,21840
2022-12-13,4835,53213,41348,23097,9705,0,23286,57705,41038,21301
2022-12-12,5116,51823,44367,22934,8888,0,24000,46327,40207,19603
2022-12-11,0,0,0,0,0,0,0,0,0,0
2022-12-10,5093,48320,45460,23002,8715,0,27091,37161,38551,20320
2022-12-09,5426,55733,45537,22995,7468,0,25000,65444,44000,17353
2022-12-08,5173,51775,41912,23612,8166,0,27000,41423,44000,13834
2022-12-07,4550,51770,41825,24193,8490,0,25970,58414,44000,12551
2022-12-06,5000,47103,39894,23885,8114,0,25000,48904,45000,12781
2022-12-05,5601,51359,41934,24358,8439,0,27667,37922,43704,14584
2022-12-04,0,0,0,0,0,0,0,0,0,0
2022-12-03,6039,51459,43689,24301,7759,0,25465,37178,39565,17071
2022-12-02,5560,45478,42336,23510,7008,0,28833,53385,39565,17598
2022-12-01,5624,48807,42215,23166,8244,0,29250,48925,39000,17942
2022-11-30,5740,44367,43872,22929,8036,0,22000,45262,37775,15506
2022-11-29,6448,48730,39275,22916,8632,0,19959,31670,35532,13309
2022-11-28,5965,49774,41207,22676,9466,0,31586,33767,36000,13810
2022-11-27,0,0,0,0,0,0,0,0,0,0
2022-11-26,6907,50439,41398,22797,7710,0,23953,30820,35000,13119
2022-11-25,7553,51077,49637,22944,7567,0,32861,52806,35620,13087
2022-11-24,6270,48428,49026,23056,6940,0,26500,38995,34500,14315
2022-11-23,6765,47777,45040,23473,7136,0,27353,58803,37341,15702
2022-11-22,5839,47625,44716,23661,7633,0,32326,43405,37888,18496
2022-11-21,6047,47560,48189,23701,8656,0,37833,39751,42009,18663
2022-11-20,0,0,0,0,0,0,0,0,0,0
2022-11-19,6858,46699,64532,22795,8893,0,23411,37183,34500,19070
2022-11-18,7440,46374,56542,22295,8011,0,36755,49752,42677,16948
2022-11-17,6655,46763,52198,22516,8543,0,23000,34777,40000,15732
2022-11-16,5838,47281,52223,22570,11292,0,33950,36313,38000,15471
2022-11-15,6902,47000,46729,22557,9622,0,26649,51599,34500,18358
2022-11-14,7705,46246,53002,22758,9150,0,33529,37790,34000,19454
2022-11-13,0,0,0,0,0,0,0,0,0,0
2022-11-12,8178,46635,76801,23055,7154,0,29229,43994,35000,24042
2022-11-11,7475,48298,76466,23885,7594,0,38708,35760,35000,29061
2022-11-10,7184,47526,74228,23779,9117,0,30093,33703,37000,29905
2022-11-09,7360,46589,69769,23919,9524,0,30182,39089,38000,29653
2022-11-08,7207,46339,68500,23595,10289,0,25829,45106,38210,28108
2022-11-07,7512,45152,77019,24012,13330,0,30984,35176,40000,29925
2022-11-06,0,0,0,0,0,0,0,0,0,0
2022-11-05,7952,44541,104489,24237,10493,0,26643,29261,36000,30111
2022-11-04,7638,46924,126944,24210,10177,0,28282,34032,39425,28937
2022-11-03,7607,44913,110690,24259,12448,0,30116,42132,41000,27175
2022-11-02,6950,44727,93214,23871,13385,0,26630,38211,38886,27087
2022-11-01,7416,45241,77656,23829,14619,0,30000,48724,40000,28035
2022-10-31,7852,45054,100000,24535,16125,0,34257,47774,38000,35164
2022-10-30,0,0,0,0,0,0,0,0,0,0
2022-10-29,7908,44966,89333,24596,15148,0,33551,35000,39271,40275
2022-10-28,8996,43231,100000,24382,14428,0,36176,46913,39271,42637
2022-10-27,10135,46256,80000,23532,15369,0,35045,52338,41139,41087
2022-10-26,9091,44745,83000,24616,15162,0,34682,45032,44034,41888
2022-10-25,9415,45736,100000,24303,15093,15000,35096,34962,46741,40667
2022-10-24,9424,43841,97600,24312,15860,15000,33955,37576,48063,44101
2022-10-23,0,0,0,0,0,0,0,0,0,0
2022-10-22,10490,41633,100000,23193,15186,15000,32468,33223,38000,44207
2022-10-21,8958,43175,50000,22686,16565,15000,34286,36071,47528,39821
2022-10-20,9091,42902,0,22523,17493,15000,38552,43555,54195,31455
2022-10-19,9140,44069,0,22633,18283,15000,38000,34564,56000,28997
2022-10-18,10200,44918,0,22763,19288,15000,36313,40011,61640,31719
2022-10-17,10936,44203,0,23856,18120,15000,37027,42015,65520,39639
2022-10-16,0,0,0,0,0,0,0,0,0,0
2022-10-15,13200,44252,0,24340,22910,16250,40421,45284,63770,52504
2022-10-14,12018,43049,0,25365,17766,16250,44000,45087,63770,44212
2022-10-13,12813,43714,0,26118,18149,16250,44000,44399,63000,43892
2022-10-12,12574,43643,0,25850,16689,16250,37314,45780,65870,30680
2022-10-11,14323,43548,0,25877,16104,19000,33000,45021,68744,37570
2022-10-10,15989,40870,0,25901,20015,17714,40964,51702,68747,31097
2022-10-09,0,0,0,0,0,0,0,0,0,0
2022-10-08,15199,39760,0,25310,25771,15000,45690,41000,65000,32618
2022-10-07,18426,41767,0,24795,24287,18500,57271,49000,68685,28681
2022-10-06,17779,40366,0,24157,18651,20000,59057,34778,70000,29083
2022-10-05,25378,41183,0,23596,19878,20056,56000,0,69131,28876
2022-10-04,29198,41756,0,23547,21803,20056,56000,0,70000,31246
2022-10-03,27386,43448,0,23733,22945,23800,55267,28000,70000,29647
2022-10-02,0,0,0,0,0,0,0,0,0,0
2022-10-01,23891,43613,0,23698,23930,21000,56391,0,69930,35649
2022-09-30,23988,40126,0,23820,25755,21000,56386,0,69930,34509
2022-09-29,24730,40091,0,23215,29084,20750,51577,0,69561,41784
2022-09-28,25352,40833,0,23192,26599,19000,45364,0,69189,48850
2022-09-27,28258,42120,0,23473,26456,24875,40186,0,66000,47781
2022-09-26,30941,42145,0,23439,28544,24455,33880,0,71706,51962
2022-09-25,0,0,0,0,0,0,0,0,0,0
2022-09-24,29109,40633,0,23313,31199,22575,36671,23000,68361,49429
2022-09-23,32499,42165,0,22869,30583,27000,46873,23000,68361,43308
2022-09-22,37589,40184,0,22977,30314,24821,50000,23000,69000,42602
2022-09-21,35588,41335,0,22989,33350,25000,44451,23000,72000,39370
2022-09-20,41793,42917,0,22926,27750,24038,41553,23000,66000,34857
2022-09-19,37299,43693,0,22868,27402,23794,39488,23000,66000,35376
2022-09-18,0,0,0,0,0,0,0,0,0,0
2022-09-17,36110,42825,0,22456,27424,22739,41483,23000,72487,48550
2022-09-16,32765,45734,0,23062,28783,25361,32815,23000,72487,42769
2022-09-15,31229,45849,0,21901,28341,27053,31672,21438,70698,50595
2022-09-14,36672,45545,0,21236,52352,26000,28966,21438,72000,38360
2022-09-13,38619,46348,0,20344,66373,24000,29805,21438,73224,38358
2022-09-12,0,0,0,0,0,0,0,0,0,0
2022-09-11,0,0,0,0,0,0,0,0,0,0
2022-09-10,0,0,0,0,0,0,0,0,0,0
2022-09-09,24161,48000,0,24268,57165,17500,13237,21438,72746,48407
2022-09-08,38541,49119,0,24268,78293,28853,32444,21438,72746,48407
2022-09-07,42451,50259,0,26538,84845,25500,35783,21438,84000,56169
2022-09-06,39134,48624,0,26669,68198,24364,35259,70000,75829,47512
2022-09-05,38936,46955,0,26973,67206,31667,44423,21438,70588,52000
2022-09-04,0,0,0,0,0,0,0,0,0,0
2022-09-03,35303,45275,0,24869,126420,40261,44436,26000,47000,56245
2022-09-02,32536,42266,0,23013,89811,40294,41594,26000,62324,62732
2022-09-01,33182,42840,0,21378,87293,38000,39818,49375,65766,70707
2022-08-31,26766,41556,0,21407,77832,37786,34606,49375,64014,72853
2022-08-30,25455,41821,0,21043,72720,35375,34132,49375,64000,73972
2022-08-29,25416,41299,0,21430,116351,33674,36457,72000,58500,64662
2022-08-28,0,0,0,0,0,0,0,0,0,0
2022-08-27,22313,46513,0,21426,125456,40568,37909,45000,55513,61914
2022-08-26,21611,44286,0,21224,115991,33667,38044,0,55513,51483
2022-08-25,19710,48887,0,21319,108242,39195,37425,0,57000,51483
2022-08-24,19205,45945,0,21749,111657,34574,40558,0,55000,48857
2022-08-23,19914,43804,0,21469,133348,37402,37219,0,55000,50038
2022-08-22,18300,43121,0,22509,164159,33720,37983,0,58669,50038
2022-08-21,0,0,0,0,0,0,0,0,0,0
2022-08-20,19015,42640,0,22231,95628,27814,37821,33000,60690,48875
2022-08-19,18862,44929,0,23278,86929,24211,44486,33000,60690,47500
2022-08-18,17170,43069,0,24261,94270,28716,46613,33000,60000,42284
2022-08-17,17979,44509,0,24659,117669,32056,33576,33000,62793,50480
2022-08-16,17430,44927,0,25203,138234,36056,29321,33000,57000,46353
2022-08-15,18502,44822,0,25305,96298,37023,27247,33000,52000,40773
2022-08-14,0,0,0,0,0,0,0,0,0,0
2022-08-13,19491,44313,0,25518,73956,35000,25519,33000,38364,40773
2022-08-12,16687,44642,0,25074,66381,33479,29516,33000,38364,42750
2022-08-11,19789,42193,0,24558,65337,31949,24752,26500,42000,35528
2022-08-10,20222,41142,0,23809,71697,31643,26720,26500,39000,39313
2022-08-09,17516,43624,0,23548,61247,32456,29931,26500,36684,40053
2022-08-08,18640,48454,0,23708,53673,37483,34368,29000,38000,23864
2022-08-07,0,0,0,0,0,0,0,0,0,0
2022-08-06,19856,50056,0,25728,61789,38133,36333,29000,39262,23864
2022-08-05,19856,50056,0,25728,61789,38133,36333,29000,39262,23864
2022-08-04,19804,44635,0,23289,54818,31670,31255,29000,39000,37000
2022-08-03,19654,44257,0,22141,47399,34771,27734,29000,38301,37000
2022-08-02,20510,41497,0,21748,38501,45755,31156,62000,38000,37000
2022-08-01,20271,40328,0,21596,40975,32164,33737,62000,38000,46769
2022-07-31,0,0,0,0,0,0,0,0,0,0
2022-07-30,17728,35700,0,21158,42580,28469,34561,62000,36770,38500
2022-07-29,18752,35974,0,20806,42179,28384,38093,62000,36770,36375
2022-07-28,22681,38425,0,20997,40248,32475,33758,62000,37573,35500
2022-07-27,23687,39101,0,21067,46611,39698,32218,62000,33993,35500
2022-07-26,24978,40867,0,21173,47339,39969,30808,28455,35022,35500
2022-07-25,24838,42607,0,21651,58448,39925,35920,28455,37520,31500
2022-07-24,0,0,0,0,0,0,0,0,0,0
2022-07-23,29079,43171,0,21683,57925,41773,39124,28455,37024,27000
2022-07-22,24446,43924,0,22014,60228,38297,44800,28455,37024,28375
2022-07-21,20601,42966,0,22289,62255,40234,44459,28455,37000,29288
2022-07-20,22587,41925,0,22122,85449,42808,35409,40760,38417,29000
2022-07-19,21321,42945,0,22146,50999,42754,31372,40760,39000,29900
2022-07-18,21538,42187,0,22764,60828,40929,28463,27000,40000,29177
2022-07-17,0,0,0,0,0,0,0,0,0,0
2022-07-16,17843,38984,0,22312,74255,41778,26632,73000,33000,29454
2022-07-15,16329,37358,0,23077,77440,40870,25973,47000,40000,30381
2022-07-14,16562,37641,0,22206,79869,44272,24093,33644,41695,29339
2022-07-13,13505,41874,0,21940,61050,53007,24971,73000,38486,29590
2022-07-12,15961,45550,0,22103,67306,47183,22750,37919,41424,31538
2022-07-11,13554,47163,0,21894,72051,39000,20079,41161,43187,31297
2022-07-10,0,0,0,0,0,0,0,0,0,0
2022-07-09,14066,41703,0,23243,59670,35375,18895,33846,41000,27391
2022-07-08,9768,37531,0,23872,67092,27223,19174,42744,41000,32757
2022-07-07,12848,38176,0,24638,80911,28489,18820,89022,41000,35674
2022-07-06,11938,35933,0,25346,67714,30707,18258,42544,41000,35036
2022-07-05,11000,37765,0,24484,50884,35016,16660,51596,41000,35634
2022-07-04,10079,41101,0,24975,54063,34793,11731,42979,39274,31622
2022-07-03,0,0,0,0,0,0,0,0,0,0
2022-07-02,10003,37372,0,23811,39699,30342,8887,73000,38000,29081
2022-07-01,11000,36620,0,23289,31608,26900,9113,53000,38000,24331
2022-06-30,12771,38697,0,23946,32649,27000,9275,44703,40000,27780
2022-06-29,9704,40698,0,24272,33900,25610,9024,70000,41342,28880
2022-06-28,9700,45102,0,23623,44343,25607,10711,58000,44000,30932
2022-06-27,10211,40977,0,24159,33152,25084,12377,46156,43000,31999
2022-06-26,0,0,0,0,0,0,0,0,0,0
2022-06-25,11062,40616,0,24108,25668,22000,12512,47388,32000,28861
2022-06-24,10674,39515,0,23476,24682,21500,14262,47388,39614,27881
2022-06-23,11308,36155,0,23991,27494,21181,13952,50302,35727,27332
2022-06-22,10870,35602,0,24290,30555,23079,14606,54000,35435,26300
2022-06-21,10219,35628,15250,23817,24937,27679,14949,53478,34000,24955
2022-06-20,10379,40032,15250,23470,23338,26917,15394,46771,38000,23987
2022-06-19,0,0,0,0,0,0,0,0,0,0
2022-06-18,8082,42209,15250,23053,19854,24908,16511,69500,32000,24338
2022-06-17,8307,44106,15250,21601,17194,27000,16283,48506,37000,27595
2022-06-16,9674,43025,15250,19786,16473,27844,16541,43240,39500,25518
2022-06-15,9246,39847,15250,19741,17586,28415,17000,62647,36426,23706
2022-06-14,10318,37856,15250,19547,17959,30000,16576,46902,36000,23389
2022-06-13,9449,38239,23000,19222,21630,28000,16763,40182,36500,23771
2022-06-12,0,0,0,0,0,0,0,0,0,0
2022-06-11,7831,39612,31400,18595,17623,27000,15024,69040,36963,25586
2022-06-10,8645,40122,35952,19009,21005,28680,15060,42112,36963,25802
2022-06-09,9144,39778,23000,20967,22863,28113,15422,33568,31813,24124
2022-06-08,10306,41279,30276,21637,15799,28000,14662,41274,34816,22501
2022-06-07,10970,45333,30077,21987,15376,28000,15993,61127,33505,22813
2022-06-06,10201,43986,29941,22473,14694,25500,16034,49795,34936,24576
2022-06-05,0,0,0,0,0,0,0,0,0,0
2022-06-04,11364,38422,33542,20462,14982,24984,16088,50711,29000,27360
2022-06-03,11300,43638,27250,19149,21459,26000,15935,37553,33790,29318
2022-06-02,11157,42940,24826,19203,18561,25000,14789,54500,34000,24700
2022-06-01,10658,46915,28440,18577,14654,27000,14892,55457,33000,22027
2022-05-31,11255,48136,27884,16258,15255,29763,14436,34538,34944,24034
2022-05-30,9012,46739,28410,15562,15248,27000,14457,47867,34392,24756
2022-05-29,0,0,0,0,0,0,0,0,0,0
2022-05-28,9000,48511,28667,11869,18008,25000,15448,41800,33613,25394
2022-05-27,9151,47969,28680,10592,14992,28500,16647,52446,33613,25894
2022-05-26,8587,53723,26120,10444,15450,29925,16863,35000,32000,25842
2022-05-25,8636,58376,25711,9814,15843,34500,16283,36277,31000,25864
2022-05-24,8980,67067,25196,9832,16583,30000,16083,80000,34523,26683
2022-05-23,9361,69137,26376,9866,16559,28000,16970,54786,33756,24680
2022-05-22,0,0,0,0,0,0,0,0,0,0
2022-05-21,8936,66030,33026,9096,17054,28500,18736,46444,31000,28195
2022-05-20,9585,65171,32018,9445,14678,28000,21010,46444,34922,30244
2022-05-19,9424,64105,35374,10086,16272,28000,20159,41699,34493,29180
2022-05-18,12499,59632,31883,11000,16465,26500,22360,51388,33333,29543
2022-05-17,11223,58703,31186,10928,14221,27500,23085,50447,35426,28583
2022-05-16,12132,57840,29003,10236,13746,26000,26149,52385,38000,27619
2022-05-15,0,0,0,0,0,0,0,0,0,0
2022-05-14,12600,57647,29618,9202,13726,24000,25600,48636,30500,33782
2022-05-13,12019,56542,32105,9449,14841,24446,27282,48636,36130,33410
2022-05-12,12321,58130,32622,9135,17299,23500,26417,42000,42625,31538
2022-05-11,11644,66970,32159,9367,16326,24000,27923,52100,41495,29672
2022-05-10,12323,73760,31941,8999,17206,23500,28000,45072,39855,31541
2022-05-09,12208,76754,36257,8947,14977,25000,26773,55819,37000,34890
2022-05-08,0,0,0,0,0,0,0,0,0,0
2022-05-07,12915,78264,47264,9245,15133,25000,29071,28000,37000,40723
2022-05-06,13499,79750,50219,9361,14562,23500,29973,34166,37000,38890
2022-05-05,12056,80769,43857,8937,15851,26326,26429,38194,37313,43340
2022-05-04,11502,80130,39464,10160,14643,26000,26188,46712,36000,41818
2022-05-03,12114,78563,38747,11159,14130,25563,24639,57025,37367,42000
2022-05-02,12268,75847,40727,11112,12786,25500,23962,56933,42223,38216
2022-05-01,0,0,0,0,0,0,0,0,0,0
2022-04-30,11786,74999,48808,11830,13040,26826,22167,38811,44000,35934
2022-04-29,11783,75862,40847,11186,14035,27875,24463,62607,46500,33760
2022-04-28,12012,86086,33933,11888,15144,27000,22220,40088,44746,35862
2022-04-27,12679,85672,31325,12419,15455,0,24444,42719,43500,39000
2022-04-26,12188,83975,32517,12432,13386,0,20738,30812,42000,38338
2022-04-25,12079,81237,35001,11432,12973,0,24605,56132,38912,36788
2022-04-24,0,0,0,0,0,0,0,0,0,0
2022-04-23,11800,78694,50246,11848,12612,0,25119,76667,38000,39098
2022-04-22,12087,76338,44182,10509,11981,0,25458,40163,38000,37156
2022-04-21,12189,75681,39335,9906,12256,0,22667,30368,36729,33822
2022-04-20,12229,75108,34796,10085,12381,0,25708,37775,37034,33673
2022-04-19,12400,73414,32675,10045,11807,0,21000,52303,36313,33259
2022-04-18,11973,72040,32730,10405,11605,0,27709,53674,39295,33631
2022-04-17,0,0,0,0,0,0,0,0,0,0
2022-04-16,11300,69590,41580,12284,14661,0,32000,55787,33500,29911
2022-04-15,11600,68882,30751,11877,12371,0,29040,55787,38000,29734
2022-04-14,11375,71997,28169,11412,13879,0,26000,31274,36732,30766
2022-04-13,11561,72615,28887,11160,13473,0,31444,39161,39000,30001
2022-04-12,11800,71656,29806,9272,13112,0,33758,27183,36702,34278
2022-04-11,12060,73615,30698,8600,14067,0,33758,56495,40840,36727
2022-04-10,0,0,0,0,0,0,0,0,0,0
2022-04-09,11487,60202,35247,9611,12314,0,34000,82000,31000,36827
2022-04-08,11608,64282,33125,11322,13913,0,36973,40952,30000,35098
2022-04-07,11820,71281,30473,12285,14302,0,35714,34009,30316,31939
2022-04-06,11624,80795,31516,12549,14155,0,39783,41946,30377,30401
2022-04-05,12032,86954,32849,12618,15228,0,44786,67333,30855,31760
2022-04-04,11911,90059,33859,11283,15543,0,44786,51677,31106,31444
2022-04-03,0,0,0,0,0,0,0,0,0,0
2022-04-02,11793,92675,34021,9644,17126,0,38000,54146,31000,33114
2022-04-01,12019,92028,32526,9812,16908,0,44879,54146,30260,33632
2022-03-31,11556,94090,34026,10034,15206,0,44556,83750,31000,34502
2022-03-30,11785,95101,35970,9921,13881,0,44556,34193,30000,32371
2022-03-29,10963,93501,36986,7696,13147,0,43556,51722,29918,32541
2022-03-28,11257,90565,38484,8036,13111,0,43556,42867,31935,33424
2022-03-27,0,0,0,0,0,0,0,0,0,0
2022-03-26,11089,84333,44122,7524,12671,0,46333,35000,26000,32129
2022-03-25,11068,76997,39358,6336,11944,0,46333,43427,28000,28126
2022-03-24,10463,76449,42924,6191,12368,0,41900,53446,28378,28175
2022-03-23,10809,75882,49084,7036,12201,0,41900,49977,28000,27890
2022-03-22,11034,75713,47360,7803,11980,0,29000,33448,28000,27235
2022-03-21,11355,77310,37685,7880,11935,0,40077,43694,28000,31127
2022-03-20,0,0,0,0,0,0,0,0,0,0
2022-03-19,10642,78628,38206,7358,13097,0,39963,43814,19000,31190
2022-03-18,10550,70333,35089,8129,14143,0,39963,43814,21492,32664
2022-03-17,10763,67332,38174,8038,13161,0,28400,28000,23981,34485
2022-03-16,10092,67082,32467,7820,12813,0,41774,38406,22280,32013
2022-03-15,10619,61841,32057,8345,13171,0,28000,56418,23447,30838
2022-03-14,10800,63557,32051,8345,14250,0,42000,35663,25000,27109
2022-03-13,0,0,0,0,0,0,0,0,0,0
2022-03-12,10263,64452,37490,7692,15580,0,40955,23500,22286,24459
2022-03-11,10273,65938,33600,7627,16924,0,40955,42067,20466,25593
2022-03-10,9980,64956,31914,8112,15265,0,41379,51146,23750,25165
2022-03-09,9315,65594,30731,8267,15609,0,40435,48403,20470,22599
2022-03-08,9103,67398,32963,7905,15890,0,41379,48926,21000,20058
2022-03-07,8892,69576,32215,8033,18209,0,41379,41921,22171,21778
2022-03-06,0,0,0,0,0,0,0,0,0,0
2022-03-05,9155,68000,36023,8462,19786,0,43069,47023,22000,24019
2022-03-04,9820,66197,35845,7913,22087,0,43069,47023,20380,26566
2022-03-03,9932,65578,33460,7610,27356,0,39500,31882,21341,26363
2022-03-02,10682,65486,35036,7648,30049,0,39500,79868,19000,27607
2022-03-01,10143,66321,36316,8171,30054,0,42976,48217,18000,27290
2022-02-28,9247,64819,38530,7950,25134,0,42976,31098,18735,26063
2022-02-27,0,0,0,0,0,0,0,0,0,0
2022-02-26,9600,63000,40187,8811,18239,0,41455,35000,20000,25296
2022-02-25,9708,61669,43162,8315,16183,0,41455,24980,21648,24495
2022-02-24,9365,64868,39354,6907,16287,0,18000,34760,21003,24272
2022-02-23,9128,68863,38496,7358,16465,0,42680,44231,22345,23828
2022-02-22,9357,66144,39904,7640,18289,0,43000,35000,22000,22528
2022-02-21,9142,64213,40462,7900,21673,0,43000,49143,21708,21186
2022-02-20,0,0,0,0,0,0,0,0,0,0
2022-02-19,10000,58000,42726,8157,26816,0,24600,21947,15808,20145
2022-02-18,9314,61106,39704,7730,24350,0,43857,68333,20884,22631
2022-02-17,9228,54243,39298,7523,23259,0,22000,24704,18756,23733
2022-02-16,10196,53636,41127,8130,19244,0,46000,45475,18358,24975
2022-02-15,9449,60081,39992,8212,16745,0,43516,33427,17211,26405
2022-02-14,9467,64200,43991,8683,16792,0,43516,30208,17923,27753
2022-02-13,0,0,0,0,0,0,0,0,0,0
2022-02-12,9175,61887,45038,8545,20471,0,44487,21000,17295,28610
2022-02-11,9078,64147,50530,9189,20999,0,44487,40818,17295,28930
2022-02-10,9135,59138,41020,9353,19758,0,41483,28361,18995,23757
2022-02-09,9285,56927,53368,9127,19926,0,41483,33204,17965,22910
2022-02-08,8900,55456,40926,9515,21445,0,14000,40540,18137,20324
2022-02-07,8722,66291,52329,10193,23952,0,38941,35141,20619,19091
2022-02-06,0,0,0,0,0,0,0,0,0,0
2022-02-05,9400,73993,44853,10010,21675,0,37699,17000,23099,22398
2022-02-04,9522,78110,45066,10321,17102,0,37699,74160,25344,23197
2022-02-03,0,0,0,0,0,0,0,0,0,0
2022-02-02,0,0,0,0,0,0,0,0,0,0
2022-02-01,0,0,0,0,0,0,0,0,0,0
2022-01-31,0,0,0,0,0,0,0,0,0,0
2022-01-30,0,0,0,0,0,0,0,0,0,0
2022-01-29,9397,43500,64453,9977,22913,0,42846,85088,24745,19329
2022-01-28,8305,69011,68702,10097,19398,0,59000,35000,24878,26067
2022-01-27,7901,74023,57180,9654,19406,0,35000,35031,23856,31936
2022-01-26,7923,73901,58479,9613,19441,0,53048,66000,26000,37007
2022-01-25,8495,73934,51721,9501,18539,0,45788,56946,24791,40850
2022-01-24,8361,75568,58870,9203,16703,0,45788,90397,22862,35394
2022-01-23,0,0,0,0,0,0,0,0,0,0
2022-01-22,9200,64485,56969,9527,15333,0,51933,45219,22000,38268
2022-01-21,8135,64433,57161,9286,14319,0,51933,46263,20000,39010
2022-01-20,8251,69997,57600,9429,13917,0,50273,51906,21000,42991
2022-01-19,8500,67149,55087,9217,12725,0,52611,57514,24000,41634
2022-01-18,8055,68964,52126,9105,13981,0,50667,85367,19793,41866
2022-01-17,8277,71250,53856,8487,12742,0,50667,54290,20268,37747
2022-01-16,0,0,0,0,0,0,0,0,0,0
2022-01-15,9661,79424,55318,8294,13585,0,57609,50652,13000,38810
2022-01-14,8800,64860,53823,8659,12014,0,57609,54520,19915,41777
2022-01-13,8537,62173,52001,9118,12689,0,53000,56941,19000,40613
2022-01-12,8680,63923,51592,9534,12553,0,53000,74602,21708,36420
2022-01-11,7854,60581,49913,9799,12042,0,36000,79240,20681,35810
2022-01-10,8041,65878,53632,10861,11423,0,53480,61003,22117,33133
2022-01-09,0,0,0,0,0,0,0,0,0,0
2022-01-08,8100,65302,53231,11016,10687,0,45000,31313,24000,38058
2022-01-07,7918,65207,58103,11609,11079,0,56583,57475,21000,36189
2022-01-06,7523,65353,59268,12027,12222,0,52414,55394,23000,33752
2022-01-05,8943,60803,55958,12835,11235,0,52414,42284,23393,33296
2022-01-04,9121,63747,54344,12859,13058,0,45889,54541,23887,34439
2022-01-03,9581,65643,60356,13198,14846,0,54368,58396,24279,34388
2022-01-02,0,0,0,0,0,0,0,0,0,0
2022-01-01,0,0,0,0,0,0,0,0,0,0
2021-12-31,8062,67483,64946,12790,15647,0,48000,90000,22531,46997
2021-12-30,9536,68878,58475,13259,17670,0,45889,49292,22531,35519
2021-12-29,9340,71451,58968,12453,15762,0,49000,51422,22000,32888
2021-12-28,9132,74352,59221,12635,11742,0,42474,68000,22793,29686
2021-12-27,9096,76522,65217,13737,11815,0,45000,35329,22358,32467
2021-12-26,0,0,0,0,0,0,0,0,0,0
2021-12-25,9096,71527,66741,11399,11961,0,44000,38000,21000,40552
2021-12-24,8000,73229,62193,11602,10605,0,41273,34908,25894,31916
2021-12-23,7729,75166,64860,11336,10026,0,44692,57701,26826,27852
2021-12-22,7650,63756,61410,12039,9237,0,38522,49240,29422,24831
2021-12-21,7791,63442,57772,12751,9230,0,38000,37172,30000,26180
2021-12-20,8099,52967,52824,12705,9323,0,42556,52212,30523,27127
2021-12-19,0,0,0,0,0,0,0,0,0,0
2021-12-18,8000,43107,51245,12068,8248,0,45471,49099,22968,29539
2021-12-17,8000,49727,46517,12738,9462,0,45308,49099,29816,28452
2021-12-16,7892,48322,43837,12656,9923,0,39500,44413,28834,25330
2021-12-15,8300,47701,42223,12898,10476,0,50273,75514,28926,24750
2021-12-14,8550,51310,42064,13366,9779,0,46050,41251,24978,25272
2021-12-13,9465,44941,41607,14023,9980,0,50000,38900,26008,26666
2021-12-12,0,0,0,0,0,0,0,0,0,0
2021-12-11,8000,46087,42054,13273,9978,0,45529,37282,22000,35357
2021-12-10,8158,45363,42724,13857,10645,0,50526,40443,25821,33836
2021-12-09,8962,46537,43162,13774,10533,0,45000,46412,23910,35306
2021-12-08,9339,50674,41782,14052,11428,0,49500,40631,25601,29690
2021-12-07,9515,44473,43791,14129,12616,0,44154,47566,29097,26235
2021-12-06,9388,44675,47244,13893,11907,0,44059,43338,31007,25018
2021-12-05,0,0,0,0,0,0,0,0,0,0
2021-12-04,9796,44987,49287,13442,12073,0,48824,32286,34000,25490
2021-12-03,10235,44950,42712,13296,11966,0,43444,48179,32643,30548
2021-12-02,11490,42494,38557,13686,11821,0,37692,52877,30770,38458
2021-12-01,10002,40904,35504,13524,10595,0,46000,53082,30665,28826
2021-11-30,10195,45498,37598,13814,11956,0,37933,47676,30000,25218
2021-11-29,11651,40568,37975,14002,10779,0,41125,36978,30000,26948
2021-11-28,0,0,0,0,0,0,0,0,0,0
2021-11-27,11047,40128,38267,13814,10286,0,33933,38397,30088,37411
2021-11-26,10638,41455,39567,13938,10792,0,39459,73000,30298,34316
2021-11-25,10931,38949,35862,13487,10677,0,38706,26093,30000,28109
2021-11-24,11699,39639,35290,13658,12433,0,40000,26294,29839,25097
2021-11-23,10447,39081,35024,13781,10433,0,40706,60000,31820,30342
2021-11-22,12026,40559,32199,13979,9843,0,34100,53655,31312,36232
2021-11-21,0,0,0,0,0,0,0,0,0,0
2021-11-20,12602,40188,38315,13742,12028,0,40706,37387,30200,36144
2021-11-19,12852,39285,49339,13873,11302,0,39704,57000,30532,39949
2021-11-18,13082,39547,50666,14194,11460,0,38538,49775,27208,42998
2021-11-17,10473,40921,51185,14385,12423,0,42000,46318,30729,44060
2021-11-16,10147,39584,48600,14758,11746,0,42486,38140,31714,44812
2021-11-15,12693,43189,46442,14997,15305,0,39947,50320,31641,45134
2021-11-14,0,0,0,0,0,0,0,0,0,0
2021-11-13,14255,40166,60027,14709,17648,0,41400,46895,35000,44464
2021-11-12,14540,39402,57013,15165,13589,0,42000,66800,32000,40813
2021-11-11,13906,37370,53602,14959,12397,0,37481,45502,35000,37157
2021-11-10,12661,38880,42287,14369,12244,0,36435,36140,33000,44491
2021-11-09,12674,37356,40682,14643,16712,0,35939,38344,30723,43249
2021-11-08,12664,36805,46220,14495,19362,0,39392,59522,32847,44005
2021-11-07,0,0,0,0,0,0,0,0,0,0
2021-11-06,12865,35028,53859,14256,24097,0,40938,28832,21140,46441
2021-11-05,12486,34000,53928,14281,19635,0,43000,33589,32000,45839
2021-11-04,10456,36005,58000,14140,21082,0,35588,34064,30970,48829
2021-11-03,10038,34284,54167,14398,20537,0,43000,51642,29000,46097
2021-11-02,9201,35500,50179,14345,22708,0,37419,58252,27496,50196
2021-11-01,9027,36062,47623,14306,23967,0,41129,42446,28426,54634
2021-10-31,0,0,0,0,0,0,0,0,0,0
2021-10-30,8913,31826,56401,14370,22543,0,43102,42254,25833,64634
2021-10-29,8311,35954,57255,14494,24252,0,42000,36175,25833,63794
2021-10-28,7959,34495,54767,14677,25056,0,46138,43854,27215,58572
2021-10-27,7973,36244,51839,14803,24059,0,36900,35911,27768,74672
2021-10-26,8320,36143,53157,15085,31342,0,30143,45086,25657,82020
2021-10-25,8489,37148,62810,14728,33133,0,33963,48043,29509,79101
2021-10-24,0,0,0,0,0,0,0,0,0,0
2021-10-23,9105,35543,60395,14630,30789,0,34261,38311,28538,77399
2021-10-22,8247,29860,57844,14500,31926,0,30125,40185,28538,56655
2021-10-21,6948,35000,61000,14134,34952,0,32109,42040,28636,43151
2021-10-20,6689,34018,58545,14267,33140,15500,31516,45981,28340,42529
2021-10-19,6937,33527,40471,14370,33500,15500,27750,54967,29000,50302
2021-10-18,7371,33875,46826,14246,36217,15500,33023,53349,28000,52897
2021-10-17,0,0,0,0,0,0,0,0,0,0
2021-10-16,6375,33743,48462,14179,36002,15500,32663,51809,21000,47385
2021-10-15,5821,33520,77500,13895,33441,15500,34864,49690,29300,40233
2021-10-14,5148,34516,53333,13447,31808,15500,31656,58612,27167,33661
2021-10-13,5854,35731,53000,13395,27227,15500,32429,43444,27589,31513
2021-10-12,6053,35438,45000,13455,23622,15500,31565,42576,30000,32798
2021-10-11,6280,33934,30000,13918,25891,16500,30531,39055,27819,36376
2021-10-10,0,0,0,0,0,0,0,0,0,0
2021-10-09,5686,34069,31429,13902,24845,14000,30902,11000,33500,36143
2021-10-08,5652,32853,30000,14120,24254,14000,32125,11000,33500,32130
2021-10-07,7937,34182,40000,14545,24598,14000,30154,11000,27615,32780
2021-10-06,9435,35110,40000,14721,25404,16000,31222,11000,30000,27645
2021-10-05,9209,33500,30000,14547,25915,15500,26866,11000,31482,26172
2021-10-04,8620,35028,30000,14663,23925,14000,28545,11000,29466,26928
2021-10-03,0,0,0,0,0,0,0,0,0,0
2021-10-02,10894,33673,30000,14294,15214,15875,28492,28000,29576,24138
2021-10-01,12331,33196,0,13790,13945,12500,28321,11000,29576,24221
2021-09-30,12227,34277,0,13784,30340,12500,28020,11000,30628,25136
2021-09-29,11682,35034,0,13619,18851,21500,32566,15000,31000,23211
2021-09-28,11164,36096,0,13878,21430,21500,32750,36000,31203,21291
2021-09-27,13597,34859,0,13922,25294,20190,28890,36000,37500,22029
2021-09-26,0,0,0,0,0,0,0,0,0,0
2021-09-25,15688,35881,0,13696,42256,13000,28625,0,38000,24912
2021-09-24,16017,35051,0,13513,55064,19000,33189,0,37604,28566
2021-09-23,0,0,0,0,0,0,0,0,0,0
2021-09-22,0,0,0,0,0,0,0,0,0,0
2021-09-21,0,0,0,0,0,0,0,0,0,0
2021-09-20,0,0,0,0,0,0,0,0,0,0
2021-09-19,0,0,0,0,0,0,0,0,0,0
2021-09-18,25302,36834,0,13961,59307,25875,42967,0,38000,42077
2021-09-17,16425,38197,0,14491,45966,27500,35704,0,37000,38618
2021-09-16,17351,38762,0,14834,44851,21000,35594,0,36351,48664
2021-09-15,16956,37593,0,14736,38956,25097,34625,0,37252,38989
2021-09-14,17265,37453,0,14554,39151,27603,29909,0,37518,38740
2021-09-13,16157,34711,0,14641,33692,25500,28734,0,36426,39652
2021-09-12,0,0,0,0,0,0,0,0,0,0
2021-09-11,16051,31273,0,14429,35497,29638,33294,0,31000,47336
2021-09-10,15596,31417,0,14518,35646,29021,34132,0,35209,58846
2021-09-09,15674,31919,0,14726,33070,26000,35000,0,27385,59177
2021-09-08,15680,35232,0,14704,33335,24068,38771,0,30333,60143
2021-09-07,15951,35386,0,15281,35246,28352,40639,0,29979,58944
2021-09-06,14780,35203,0,15192,37748,28000,36037,23500,30276,46343
2021-09-05,0,0,0,0,0,0,0,0,0,0
2021-09-04,13884,35260,0,15540,40137,31136,32973,23500,12382,38949
2021-09-03,13878,34212,0,14909,33015,27000,34033,23500,26424,61038
2021-09-02,16622,35338,0,14613,38240,23000,34000,23500,27154,40135
2021-09-01,13912,34747,0,14323,50757,23378,30059,23500,34417,36717
2021-08-31,11186,34177,0,14217,50523,23088,27215,23500,37320,44900
2021-08-30,12468,33172,0,14270,49938,23934,28557,23500,31389,49333
2021-08-29,0,0,0,0,0,0,0,0,0,0
2021-08-28,13453,33454,0,13950,43640,23811,29142,23500,31555,59329
2021-08-27,13425,31506,0,13949,42548,22500,35026,25000,31555,42276
2021-08-26,12335,32474,0,14050,39155,23837,33238,25000,32000,43567
2021-08-25,15398,34030,0,14113,41220,21185,34925,28737,32781,40774
2021-08-24,11843,34565,0,14530,45415,21736,30133,28737,31776,40774
2021-08-23,11258,34973,0,14922,63874,22777,27882,33444,34369,46571
2021-08-22,0,0,0,0,0,0,0,0,0,0
2021-08-21,10326,35418,0,14777,55052,20585,30127,37941,25500,24813
2021-08-20,9474,34226,0,14390,53483,19825,35686,37941,31708,25056
2021-08-19,10569,34249,0,14254,64127,17157,31696,37941,29856,23975
2021-08-18,12903,35208,0,14842,78076,19971,34765,33000,28434,24655
2021-08-17,8873,34401,0,14618,82829,22146,35000,40720,27993,19959
2021-08-16,10138,34833,0,13961,73304,22037,28406,34783,26500,25031
2021-08-15,0,0,0,0,0,0,0,0,0,0
2021-08-14,9500,36568,0,13823,75892,16736,29424,35500,25607,26500
2021-08-13,10944,35352,0,13822,63724,18725,25939,32152,25607,26500
2021-08-12,8909,34573,0,13952,72991,19817,25389,29828,24449,26500
2021-08-11,10087,34304,0,13741,74084,23609,21245,29828,24553,29155
2021-08-10,11852,34648,0,14158,65270,24995,21443,28935,25000,29155
2021-08-09,12179,36061,0,14911,82447,24439,19061,33217,24981,25905
2021-08-08,0,0,0,0,0,0,0,0,0,0
2021-08-07,0,0,0,0,0,0,0,0,0,0
2021-08-06,11531,38032,0,15452,88102,24422,20190,25316,23000,25905
2021-08-05,11902,37364,0,14884,59577,23667,17593,30000,24487,25905
2021-08-04,11336,33064,0,14991,57035,27394,18024,28000,22424,31946
2021-08-03,13200,29845,0,13794,60618,28603,19942,70000,20000,34600
2021-08-02,11459,28989,0,13408,59560,25603,19484,29067,21500,31387
2021-08-01,0,0,0,0,0,0,0,0,0,0
2021-07-31,12575,31586,0,12429,69007,23907,16407,23833,15000,25200
2021-07-30,10457,29264,0,11693,59206,25118,18273,27364,21818,25200
2021-07-29,9672,27545,0,12314,51396,23658,20771,26150,20000,32385
2021-07-28,9586,27233,0,12108,53065,24531,18630,21280,21390,25813
2021-07-27,8907,29101,0,12503,58880,24635,17746,24884,22000,25813
2021-07-26,8643,30071,0,12947,50723,22007,19800,24871,23000,22438
2021-07-25,0,0,0,0,0,0,0,0,0,0
2021-07-24,5908,33031,0,13196,39922,20814,20586,21000,23152,25771
2021-07-23,4847,27808,0,13288,35859,19800,21597,21000,22931,24447
2021-07-22,5807,27516,0,13019,40415,21297,19173,28375,22873,28167
2021-07-21,4930,29410,0,13124,37644,22951,18770,24308,24630,25417
2021-07-20,7100,29986,0,12864,38394,21200,18210,36000,26000,23938
2021-07-19,6540,29787,0,13044,48543,18758,16527,30000,24890,32690
2021-07-18,0,0,0,0,0,0,0,0,0,0
2021-07-17,8200,29132,0,11907,39968,14863,18095,24000,22743,30177
2021-07-16,5639,24691,0,11549,31390,12348,17513,24000,22743,34778
2021-07-15,4300,21017,0,10741,30118,15505,15541,24925,22000,28218
2021-07-14,4028,20510,0,10059,25871,15986,17901,27629,21000,27026
2021-07-13,4945,22735,0,10801,26623,18061,20978,23313,16000,25465
2021-07-12,7109,25322,0,10887,27303,19386,23062,27188,18500,24600
2021-07-11,0,0,0,0,0,0,0,0,0,0
2021-07-10,5448,26946,0,10934,23887,19530,27051,29000,18500,28222
2021-07-09,6034,28427,0,11666,17856,22280,28297,29000,18500,30500
2021-07-08,5973,28169,0,12755,18930,22315,27763,34000,18000,31671
2021-07-07,6086,26341,0,11791,19378,23583,29187,36000,19250,31365
2021-07-06,5496,27594,0,11152,19406,23669,31162,31356,21000,30434
2021-07-05,9244,26413,0,10747,20781,21295,33939,44875,21000,35271
2021-07-04,0,0,0,0,0,0,0,0,0,0
2021-07-03,5758,23697,24000,10514,20695,21857,31827,49893,18500,29971
2021-07-02,5373,23860,24000,10205,17942,25417,26427,49893,18500,25385
2021-07-01,5705,23219,24000,10741,17778,21564,26000,44000,21000,32874
2021-06-30,5856,22631,24000,10277,19302,25113,21081,26783,19259,35257
2021-06-29,6713,22962,24000,10557,22409,26357,18650,35047,17000,34079
2021-06-28,6500,23532,24000,11015,26530,24793,17455,44345,21666,28306
2021-06-27,0,0,0,0,0,0,0,0,0,0
2021-06-26,6200,23157,24000,11218,29105,26125,16617,47884,20804,27192
2021-06-25,5318,24170,24000,11316,18938,24184,16354,47884,20804,26105
2021-06-24,6043,23981,24000,11712,17121,26321,16136,32750,23000,26087
2021-06-23,5891,23913,24000,11712,16871,28672,17265,47333,21000,25998
2021-06-22,7090,24541,24000,11625,17569,31129,16877,43901,23449,28756
2021-06-21,6770,35996,24000,11803,16974,31417,16574,40456,22750,28293
2021-06-20,0,0,0,0,0,0,0,0,0,0
2021-06-19,6165,26353,24000,11739,16930,31292,16875,42000,23000,24188
2021-06-18,5998,24336,23000,11527,16723,31735,18327,42000,23000,26308
2021-06-17,5542,25390,23000,11936,18437,32933,19116,44938,22269,22928
2021-06-16,5359,23097,23000,11136,20366,35500,19053,37388,23109,22358
2021-06-15,6082,21381,23000,11325,20612,33500,19138,42584,23819,25461
2021-06-14,5788,22663,25000,10539,17822,32900,18335,43634,23210,27112
2021-06-13,0,0,0,0,0,0,0,0,0,0
2021-06-12,7800,25147,24912,10536,17454,33000,18384,31000,22843,28347
2021-06-11,6736,24758,26000,9707,16084,34843,17764,42032,22843,27685
2021-06-10,7474,24488,20462,9723,16177,36595,19242,42000,23000,28615
2021-06-09,6052,25982,23476,9424,17632,39958,18600,47027,23125,26603
2021-06-08,6721,27288,21593,9148,17665,39500,18859,53106,25865,24062
2021-06-07,7984,29479,20602,9568,16255,35500,19340,46614,24000,21703
2021-06-06,0,0,0,0,0,0,0,0,0,0
2021-06-05,6533,40387,24101,9238,15651,32000,19382,42017,23182,19059
2021-06-04,8517,37477,21727,9111,17283,33000,20260,42017,23182,20578
2021-06-03,7482,27213,22585,9317,21945,33813,18755,33636,23000,21450
2021-06-02,6797,26614,21929,9361,16545,33095,18375,44625,22954,22840
2021-06-01,7057,31074,23053,10764,15162,29000,19243,45600,23590,22630
2021-05-31,7789,29360,22463,10231,15916,28000,19042,42000,24304,24878
2021-05-30,0,0,0,0,0,0,0,0,0,0
2021-05-29,5753,33831,23758,10884,16352,26786,21639,42000,23601,23403
2021-05-28,7066,35660,22703,9178,17296,32421,19289,42000,23601,25319
2021-05-27,6359,34009,23226,8821,16452,30083,18824,41000,24777,23649
2021-05-26,5835,35822,22815,9042,16245,26793,16431,45520,24000,23236
2021-05-25,6174,38286,24326,8660,13915,30000,16284,43138,24377,23160
2021-05-24,6071,39896,23222,8660,13221,28069,16752,47235,25980,22966
2021-05-23,0,0,0,0,0,0,0,0,0,0
2021-05-22,6300,41327,25216,9041,12944,22500,17441,42000,25000,22771
2021-05-21,7800,36176,25304,9348,12959,24323,18691,36694,25000,22721
2021-05-20,5958,34517,25364,9507,13676,26017,20703,38507,24000,21711
2021-05-19,5000,34018,24663,8582,13057,24983,20876,38507,25000,20346
2021-05-18,5073,33069,22424,8537,15004,23000,21028,47493,26220,18356
2021-05-17,6253,31310,27236,8595,13831,21500,22466,44348,25196,23472
2021-05-16,0,0,0,0,0,0,0,0,0,0
2021-05-15,5665,29913,26002,8101,16037,22000,22928,48387,23000,31249
2021-05-14,3896,31525,27176,7926,16257,22000,22839,48387,26000,31827
2021-05-13,5040,32505,28168,7680,13717,22463,23424,44484,26000,31587
2021-05-12,6570,35125,27486,7764,14348,21500,24979,57270,25061,29795
2021-05-11,9113,35821,29634,8998,14286,22250,23573,48211,26000,30810
2021-05-10,9497,36130,33518,8623,14810,24500,25014,61440,26000,30725
2021-05-09,0,0,0,0,0,0,0,0,0,0
2021-05-08,7399,35595,40895,10207,14572,23500,25115,62109,27000,33328
2021-05-07,10880,35845,46077,10789,13467,27466,25699,62109,27000,31191
2021-05-06,10500,38188,44409,11309,13596,28000,25254,43000,27000,30450
2021-05-05,10815,39131,39556,10676,12579,29000,26882,58000,27672,32989
2021-05-04,9595,39560,42078,10850,12774,31500,23000,46194,28096,34411
2021-05-03,11776,37306,45435,10198,13252,28000,25798,65673,28480,33897
2021-05-02,0,0,0,0,0,0,0,0,0,0
2021-05-01,10970,39000,52884,10462,13035,27333,26378,48973,27000,31050
2021-04-30,12053,37506,41821,10830,13374,28000,27682,48973,27000,36714
2021-04-29,11672,37633,35626,10432,13928,25000,28426,58000,28000,36361
2021-04-28,12100,38211,31767,11592,13586,25000,28800,51256,28000,41618
2021-04-27,11714,39710,28122,11749,13344,25000,32175,48407,28632,38174
2021-04-26,12119,39454,31708,11634,15850,25000,30774,46208,30000,36019
2021-04-25,0,0,0,0,0,0,0,0,0,0
2021-04-24,11698,44507,39547,12256,12442,25000,29632,48000,28000,38036
2021-04-23,11528,45777,34252,11520,12811,25000,35810,49064,32000,36803
2021-04-22,10581,48000,34630,10723,13938,0,32769,48600,34625,35645
2021-04-21,10459,50851,33833,10489,13772,0,37382,47716,36000,41344
2021-04-20,11013,52586,32208,10961,14027,0,32273,50244,38000,38285
2021-04-19,11761,55043,33357,11087,14166,0,35636,51184,38646,28099
2021-04-18,0,0,0,0,0,0,0,0,0,0
2021-04-17,11500,56107,42786,13827,14622,0,35722,52261,34000,24603
2021-04-16,11426,57498,40188,15404,10530,0,36303,52261,38534,21863
2021-04-15,10862,60770,35672,16443,10160,0,30200,48000,33000,25656
2021-04-14,11006,62360,31347,16747,11032,0,32605,48448,29274,36710
2021-04-13,11443,59472,33347,16792,10797,0,33106,56487,40000,39697
2021-04-12,10875,53362,37482,17073,10572,0,33106,54771,27933,30526
2021-04-11,0,0,0,0,0,0,0,0,0,0
2021-04-10,11494,54000,40993,19738,9819,0,28182,45000,40000,23970
2021-04-09,12004,56014,34065,20551,10301,0,36077,43449,40000,23154
2021-04-08,11070,55695,30876,21783,10822,0,40800,57397,28752,20264
2021-04-07,11251,60519,28784,21754,11504,0,40800,63772,27203,21581
2021-04-06,11596,67384,28081,21925,11795,0,38724,50067,34087,24396
2021-04-05,10949,68700,28835,22423,12312,0,38724,55336,31000,25946
2021-04-04,0,0,0,0,0,0,0,0,0,0
2021-04-03,10700,64213,30709,22698,9297,0,28000,34000,28500,23818
2021-04-02,11044,60945,28814,24857,10211,0,38500,54356,33065,22563
2021-04-01,11311,58008,27820,25589,9704,0,37421,60623,30000,22734
2021-03-31,10484,56703,28342,23641,10150,0,37421,47646,34194,23640
2021-03-30,10887,55902,29448,21976,10045,0,35571,48066,34261,25488
2021-03-29,11596,55796,34786,19946,10428,0,35571,44905,38000,28187
2021-03-28,0,0,0,0,0,0,0,0,0,0
2021-03-27,11600,56500,33569,22135,9343,0,29467,46000,25000,29509
2021-03-26,11336,58610,31722,22794,9592,0,43385,44887,27658,24345
2021-03-25,10939,64863,30478,30396,9361,0,41750,50132,26191,22493
2021-03-24,11260,68517,30042,30213,8526,0,41750,48000,30000,22616
2021-03-23,10632,74120,30412,31694,10498,0,38857,59271,29584,26105
2021-03-22,10946,78091,30342,31906,10448,0,38857,60000,29625,26498
2021-03-21,0,0,0,0,0,0,0,0,0,0
2021-03-20,10500,78295,31188,31879,10104,0,53636,60137,27003,24863
2021-03-19,9800,78902,28694,33672,10958,0,53636,60137,30157,25783
2021-03-18,9400,77494,28711,34798,12107,0,35000,40000,27348,25596
2021-03-17,10814,77610,30542,33236,13006,0,65433,47437,30061,21343
2021-03-16,10774,76312,31078,30657,12338,0,64389,63041,28633,21326
2021-03-15,11478,74992,31328,31096,12616,0,64389,51802,30781,23121
2021-03-14,0,0,0,0,0,0,0,0,0,0
2021-03-13,10873,73667,31838,30448,10528,0,55000,54701,29539,27003
2021-03-12,10873,72567,30820,30561,10124,0,55000,54701,31000,21634
2021-03-11,10502,69502,30152,28951,10300,0,45875,70474,29929,21467
2021-03-10,10763,71673,29732,29035,9406,0,45875,56573,29141,24994
2021-03-09,11170,69091,31242,28203,9551,0,36000,63915,29183,27501
2021-03-08,11143,67401,39414,28919,11014,0,36000,54047,28659,28102
2021-03-07,0,0,0,0,0,0,0,0,0,0
2021-03-06,10800,66504,37934,28506,11698,0,21000,53500,24648,24928
2021-03-05,10963,64081,41327,28412,10955,0,34000,58255,29240,21351
2021-03-04,10070,65661,40896,28808,12641,0,31512,67586,29852,19921
2021-03-03,10197,65333,38371,29316,13132,0,31512,63706,27536,19404
2021-03-02,10524,67575,36709,30171,13448,0,30659,43762,29982,19669
2021-03-01,10880,67115,39937,30486,13089,0,30659,53922,32000,26800
2021-02-28,0,0,0,0,0,0,0,0,0,0
2021-02-27,10183,66301,42268,30425,11457,0,35000,40253,31984,21515
2021-02-26,11200,69577,34629,31251,10625,0,35000,40253,30390,24402
2021-02-25,10700,70267,32373,31186,10117,0,36189,41121,33611,27316
2021-02-24,11174,75090,30808,31966,10074,0,36189,47400,31521,23074
2021-02-23,11359,75059,30656,31318,10316,0,18000,64364,31164,22424
2021-02-22,10636,77979,32827,33624,11038,0,33786,65789,31747,17814
2021-02-21,0,0,0,0,0,0,0,0,0,0
2021-02-20,10569,78261,36449,31922,12333,0,21000,35000,31000,14204
2021-02-19,10800,56788,34033,33747,12061,0,31829,51280,32181,11635
2021-02-18,10300,59511,31299,34254,14266,0,33895,40024,31938,12779
2021-02-17,10088,66092,27502,32233,16946,0,33895,39826,28500,13933
2021-02-16,9528,65593,28555,30663,16806,0,20000,44214,31503,14254
2021-02-15,8742,78064,34361,29213,17528,0,29609,61085,32849,18456
2021-02-14,0,0,0,0,0,0,0,0,0,0
2021-02-13,0,0,0,0,0,0,0,0,0,0
2021-02-12,0,0,0,0,0,0,0,0,0,0
2021-02-11,8155,81114,42370,27695,15981,0,34643,48000,34822,14964
2021-02-10,8155,81114,42933,27695,15945,0,34643,48000,34822,17280
2021-02-09,8200,79057,42396,27511,16302,0,30686,48000,32990,16905
2021-02-08,8129,82469,42065,27763,14997,0,30686,48000,32184,15505
2021-02-07,0,0,0,0,0,0,0,0,0,0
2021-02-06,7689,80263,41129,27947,13964,0,14000,72358,29413,15288
2021-02-05,7700,80999,44537,28334,14378,0,29500,72358,32330,16790
2021-02-04,8735,80262,41775,27396,13471,0,28000,101813,33265,17919
2021-02-03,7944,85545,41716,29365,12885,0,28000,49525,33395,18979
2021-02-02,7594,75886,40630,26458,14470,0,20000,74474,33563,17180
2021-02-01,8157,80133,41719,26887,14072,0,33000,48451,33264,16476
2021-01-31,0,0,0,0,0,0,0,0,0,0
2021-01-30,7500,74425,40691,27339,15108,0,26000,100000,34000,19373
2021-01-29,7859,81043,37964,26790,13759,0,33714,88268,34631,22140
2021-01-28,7716,81095,38251,26742,14774,0,26571,63066,34629,18609
2021-01-27,8100,73930,40353,26902,13177,0,32000,87706,32884,16675
2021-01-26,7200,76638,35783,26082,12492,0,30000,104138,32735,18604
2021-01-25,6682,81030,37473,25392,13868,0,35160,69968,32452,19779
2021-01-24,0,0,0,0,0,0,0,0,0,0
2021-01-23,5100,84136,35723,25653,13112,0,28000,48849,31829,22818
2021-01-22,5149,77551,35574,27207,18075,0,41727,85276,32733,24725
2021-01-21,4870,72475,32134,27743,15488,0,36000,72258,32000,26475
2021-01-20,5258,73975,37627,29361,15727,0,36000,69919,33000,27753
2021-01-19,6000,73274,34290,25590,16524,0,26857,74308,32541,31136
2021-01-18,5868,70448,40814,25717,15973,0,34257,66323,32000,30581
2021-01-17,0,0,0,0,0,0,0,0,0,0
2021-01-16,5400,66060,47454,26415,17002,0,26400,46763,31989,31259
2021-01-15,5500,66054,48484,27319,15747,0,32000,75542,31589,27819
2021-01-14,5100,67178,46021,26391,16128,0,29000,80925,32000,26505
2021-01-13,5500,67917,48655,27183,16218,0,36000,69650,33952,29331
2021-01-12,4663,67487,38757,25748,15201,0,37800,79159,30903,33038
2021-01-11,5200,64758,37013,29636,16460,0,46000,61369,33668,38524
2021-01-10,0,0,0,0,0,0,0,0,0,0
2021-01-09,3000,65226,35006,29566,12131,0,42625,27000,35000,27686
2021-01-08,3000,63490,34756,26143,15696,0,51500,82270,33571,21059
2021-01-07,4400,66266,37443,25408,15913,0,55000,94738,31786,22874
2021-01-06,4091,65695,39811,26584,20896,0,55000,48456,29004,23741
2021-01-05,4545,61714,33747,23702,16143,0,51000,64352,27601,22532
2021-01-04,4619,53645,38368,24112,15528,0,43000,83954,32307,23817
2021-01-03,0,0,0,0,0,0,0,0,0,0
2021-01-02,0,0,0,0,0,0,0,0,0,0
2021-01-01,0,0,0,0,0,0,0,0,0,0
