Date,avg temp,max temp,min temp,rainFall,price
2025-01-20,1.9,8.4,-2.8,0,4781
2025-01-17,0,6.6,-5,0,4808
2025-01-16,-0.5,4.4,-5.6,0,5007
2025-01-15,-1.6,1.8,-4.7,0,4901
2025-01-14,3.3,8.8,-1.7,0.3,4916
2025-01-13,-0.5,5.2,-6.3,0.1,4928
2025-01-10,-7.1,-1.1,-13.2,0,4928
2025-01-09,-7.5,-3.3,-11.3,0.5,4809
2025-01-08,-1.4,3.2,-5.3,1,5367
2025-01-07,-1.4,2.3,-4.9,0.7,5318
2025-01-06,1.6,5.9,-1.9,1.5,5211
2025-01-03,-0.4,3.9,-4.5,0,5027
2025-01-02,1.1,8,-4,0,5078
2024-12-31,2.3,6.7,-2.8,0,4894
2024-12-30,4.8,10,-0.6,0,4696
2024-12-27,-0.7,3.1,-4.2,0.4,4899
2024-12-26,2.4,6.5,-2,0.1,4816
2024-12-24,0.4,6.3,-4.3,0,4650
2024-12-23,-0.2,6.8,-6.4,0,4639
2024-12-20,0.8,5.9,-3.9,0.2,4592
2024-12-19,-1.5,5.7,-7,0,4488
2024-12-18,-1.4,2.8,-5.1,0.1,4491
2024-12-17,1.4,6.5,-2.7,0,4459
2024-12-16,1.9,6.7,-2.9,0.2,4413
2024-12-13,1.4,6.3,-1.7,0.3,4322
2024-12-12,1.6,7.3,-3.2,0,4236
2024-12-11,2.8,9.1,-1,0.5,4177
2024-12-10,2.6,8.6,-2.2,0,4195
2024-12-09,1.3,7.4,-4.4,0,4224
2024-12-05,4.8,9,0.1,0.5,4054
2024-12-04,3.1,8.3,-1.4,0,3396
2024-12-03,3.5,8.2,-0.3,0,3421
2024-12-02,8.6,15.9,2.9,0.1,3478
2024-11-29,2.9,6.1,-0.6,1.5,3243
2024-11-28,3.6,7.1,0.5,3.3,3165
2024-11-27,2.7,5.6,0.7,5.7,3096
2024-11-26,8.3,12.8,4.5,21.1,3047
2024-11-25,9.4,15.8,2,0.9,3060
2024-11-22,7.3,12.6,2.3,0,3031
2024-11-21,9,14.7,3.7,0,2990
2024-11-20,7.1,12.8,1.8,0.1,3074
2024-11-19,5.4,12.1,-1.2,0,3137
2024-11-18,3.8,9,-0.5,0,3198
2024-11-15,14.8,19.6,11.8,1.5,3257
2024-11-14,13.5,18.7,8.8,0.1,3309
2024-11-13,12.5,20.1,6.3,0,3693
2024-11-12,13.2,20.1,8.3,0,3778
2024-11-11,12.8,20.6,7.3,0,3877
2024-11-08,10.5,18.1,4.1,0,3919
2024-11-07,8,16.7,1,0,4310
2024-11-06,7.7,14.1,2.6,0,4549
2024-11-05,10.8,16.2,6.7,0.6,4741
2024-11-04,14.5,20.7,9.3,0.3,4810
2024-11-01,13.6,16,11.2,16.3,4875
2024-10-31,14.4,21.8,9,0,5294
2024-10-30,14.3,21.6,9.4,0,6502
2024-10-29,14.7,19.9,10.8,0,6627
2024-10-28,14.8,18.4,11.4,1.3,6847
2024-10-25,14.1,21.1,7.5,0,7087
2024-10-24,12.1,19.6,6.7,0,7657
2024-10-23,14.4,18.3,9.6,0.8,8760
2024-10-22,17,18.9,15.1,38.3,8864
2024-10-21,14.9,19.4,10,3.5,9162
2024-10-18,19.3,22.2,15.8,30.2,9123
2024-10-17,18.1,23.9,14.2,0,9363
2024-10-16,18.5,24.1,14.9,0.1,8666
2024-10-15,19,21.9,16.7,6.3,8635
2024-10-14,18.1,21.1,15.8,11.9,8680
2024-10-11,16.8,23.9,12,0,8796
2024-10-10,16.8,23.2,12.4,0.9,9132
2024-10-08,16.8,22.6,12.7,2,8758
2024-10-07,16.4,19.9,13.8,2.1,8794
2024-10-04,15.8,23,10.6,0,8848
2024-10-02,15.1,20.5,10.9,0,9202
2024-09-30,20.4,27.4,14.8,0,9662
2024-09-27,22.4,27.9,18.8,1.2,9963
2024-09-26,22.8,28.3,18.8,0.6,9680
2024-09-25,21.8,27.7,16.8,0,9383
2024-09-24,19.7,26.1,14.2,0,9474
2024-09-23,19.8,24.7,15.6,0.1,9321
2024-09-20,25.3,28,22,53,8989
2024-09-19,27.6,32.8,23.8,1.3,9337
2024-09-13,27,31.7,23.8,2.9,8002
2024-09-12,26,29.4,24.1,15.9,7816
2024-09-11,26.9,32.2,23.8,15.1,7376
2024-09-10,27.8,33.9,22.8,0.2,7096
2024-09-09,27.1,32.4,23,0,7096
2024-09-06,24.8,28,22.8,6,7077
2024-09-05,26.1,31.7,20.5,0.9,6971
2024-09-04,24.9,31.2,19.5,0,6704
2024-09-03,25.1,29.7,21.2,0.3,6604
2024-09-02,24.8,29,21,1.6,6545
2024-08-30,27.2,32.8,22.6,0.3,6455
2024-08-29,27,31.8,22.9,3.5,6572
2024-08-28,26.3,31,21.9,0.3,7527
2024-08-27,25.8,29.6,23.1,4.6,7561
2024-08-26,27.2,31.8,24,3.9,7419
2024-08-23,27.8,32.5,24.1,0.5,7306
2024-08-22,28.1,32,25.3,4.6,7293
2024-08-21,27.9,30.9,25.8,21.5,6926
2024-08-20,28.6,33.2,25.3,11.5,6937
2024-08-19,28.6,33.8,24,0.1,6888
2024-08-16,27.7,33.1,23.6,2.7,6806
2024-08-14,28.3,33.8,23.6,0.7,6159
2024-08-13,28.3,33.9,24.1,1.1,6000
2024-08-12,28.4,34,24.1,0.4,5990
2024-08-09,28,33.5,23.7,0.1,5809
2024-08-08,27.5,32.1,24.4,3.6,5629
2024-08-07,28.5,33.8,24.5,1.2,5515
2024-08-06,27.7,33.1,23.9,3.6,5445
2024-08-05,28,33.7,24.4,14.1,5311
2024-08-02,29.5,34,26.2,0.4,5373
2024-08-01,29.2,33.4,25.6,0,5414
2024-07-31,28.8,33.6,24.9,0,5542
2024-07-30,28.3,32.4,25.2,0.1,5553
2024-07-29,28.4,31.8,25.4,0.1,5529
2024-07-26,27.9,32.2,24.8,7,5556
2024-07-25,28.3,33.1,24.8,4.9,5531
2024-07-24,27.4,31.7,24.4,12.7,5144
2024-07-23,27.5,30.1,25.3,7.3,5230
2024-07-22,28.2,31.3,25.2,6.6,5182
2024-07-19,25.6,29.5,23.2,7.9,5092
2024-07-18,25.7,27.9,23.8,38.8,4969
2024-07-17,25.9,29.5,22.9,17.7,4846
2024-07-16,24.5,27.8,22.4,33.1,4813
2024-07-15,25,28.7,22.3,1.6,4761
2024-07-12,24.8,30,21.3,1.6,4707
2024-07-11,24.1,27.9,21.3,3.5,4608
2024-07-10,24.2,28,21.5,46.4,4501
2024-07-09,24,26.3,22.5,33.1,4489
2024-07-08,24.8,26.5,23.5,38.3,4462
2024-07-05,25.8,29.6,22.8,3.8,4445
2024-07-04,26.7,31.5,22.1,1.1,4271
2024-07-03,25.6,29.3,22.7,9.8,4034
2024-07-02,23.8,26.2,21.7,40.3,3869
2024-07-01,25.3,30.3,21.5,1.4,3813
2024-06-28,23.9,30.6,17.2,0,3830
2024-06-27,21.8,26.5,17.3,0.9,3784
2024-06-26,22.8,29.1,16.8,0,3525
2024-06-25,22.4,27.4,18,0,3496
2024-06-24,24.1,28.9,20.3,1.2,3479
2024-06-21,24.7,30.7,18.7,0,3478
2024-06-20,24,29.1,19,0.4,3461
2024-06-19,25.9,34.3,18.4,0,3412
2024-06-18,24.6,32.5,16.5,0,3421
2024-06-17,22.6,28.4,16.7,0,3406
2024-06-14,24.9,31.6,18.1,0,3410
2024-06-13,24.8,32.3,17.8,0,3422
2024-06-12,24.3,31.7,17.8,0.2,3606
2024-06-11,24.3,30.8,18.6,0,3606
2024-06-10,23.6,30.2,17.1,0,3609
2024-06-07,21.3,27.4,14.7,0.1,3668
2024-06-05,20.4,27.3,13.6,0,3672
2024-06-04,19.5,26.1,13.2,0,3683
2024-06-03,19,25.4,12.9,0.4,3681
2024-05-31,20.5,26.2,15.7,0.3,3579
2024-05-30,19.6,25.3,14.7,0.2,3568
2024-05-29,19.4,27,11.3,0,3520
2024-05-28,18,24.1,12.2,0,3464
2024-05-27,19,23.4,15.2,0.2,3594
2024-05-24,19.6,25.9,14.3,0,3579
2024-05-23,21.5,28.7,15.2,0,3568
2024-05-22,19.7,26.8,13.2,0,3636
2024-05-21,18.7,24.6,14,0,3695
2024-05-20,18.9,25.6,12.8,0,3747
2024-05-17,17.7,25.1,9.9,0,3797
2024-05-16,14,20.2,8.1,3.6,3775
2024-05-14,17.8,25.6,9.6,0,3794
2024-05-13,16.7,24.1,9.4,0,3861
2024-05-10,17.7,25.4,10.1,0,3808
2024-05-09,15.3,22.5,7.1,0,3929
2024-05-08,13.3,19,8.3,1.3,4294
2024-05-07,13.5,16.5,11.2,6.9,4357
2024-05-03,17.2,26.2,8.6,0,4359
2024-05-02,15.1,22.9,7.6,0,4348
2024-04-30,15.7,20.7,12.2,0.2,4712
2024-04-29,15.7,18.6,13.7,13.2,4665
2024-04-26,16.6,24.4,10.3,0,4624
2024-04-25,15.6,23.5,9.3,0,4590
2024-04-24,13.1,17.3,9.9,5,4578
2024-04-23,14.5,20,10,2,4530
2024-04-22,15.7,19.8,12.5,0.1,4502
2024-04-19,17.2,25.3,8.7,0,4555
2024-04-18,15.9,23.7,8.3,0,4477
2024-04-17,14.7,22.1,8,0,4462
2024-04-16,14.9,20.3,10.6,0.6,4403
2024-04-15,15.5,19.1,12.7,17.8,4267
2024-04-12,15.9,24.1,8.4,0,4246
2024-04-11,14.2,20.3,9.6,0,4248
2024-04-09,12.6,18.4,7.2,0,4427
2024-04-08,15.6,22.6,8.6,0,4347
2024-04-05,12.5,18.1,8.1,0,4318
2024-04-04,12.4,15.9,9.8,0.5,4244
2024-04-03,12.8,14.6,11.1,22.2,4126
2024-04-02,13.9,22.2,5.5,5.5,4046
2024-04-01,12.1,20.7,3.8,0,4073
2024-03-29,9.9,15.4,4.6,0.2,3973
2024-03-28,9.5,11.3,7.9,23.2,3941
2024-03-27,9,15.7,2.1,0,3851
2024-03-26,6.8,10.7,3.6,17.2,3785
2024-03-25,9.5,12.6,6.8,9.9,3798
2024-03-22,9.4,15.7,1,3.7,3611
2024-03-21,4.4,11.1,-2.2,0,3462
2024-03-20,4.5,8.9,0.7,0.6,3400
2024-03-19,7.5,12.8,3.8,1.1,3400
2024-03-18,7.4,14.2,0,0,3364
2024-03-15,9.3,17.6,1.1,0,3348
2024-03-14,7.6,15.5,0.5,0,3311
2024-03-13,6.1,13.1,-0.7,0,3470
2024-03-12,5.1,10.3,0.9,0.8,3572
2024-03-11,5.9,11.8,-0.4,0.4,3628
2024-03-08,3.1,8.2,-1.3,0,3851
2024-03-07,4,8,0.6,0.3,3933
2024-03-06,6.2,10.5,2.7,0.2,3859
2024-03-05,6.1,8.4,4.4,4.3,3917
2024-03-04,6.2,12.2,-0.2,0.2,3984
2024-02-29,4.3,7.2,1.3,2.7,4082
2024-02-28,5,10.9,-0.6,0,3845
2024-02-27,3.9,8.6,-0.4,0,3828
2024-02-26,3.6,8.9,-0.8,0,3786
2024-02-23,2.3,4.9,0.4,0.9,3770
2024-02-22,2,3.4,1,5,3733
2024-02-21,4.1,5.5,2.6,15.6,3663
2024-02-20,5.8,8.8,4,6.5,3657
2024-02-19,11.2,15.7,7,20.5,3615
2024-02-16,2.4,8.3,-2.2,0,3520
2024-02-15,6,13.3,0.8,4.5,3397
2024-02-14,11.4,17.2,6.6,2.2,3361
2024-02-13,8,15.7,0,0,3315
2024-02-08,0.6,6.6,-4.1,0,3028
2024-02-07,1,5,-2.2,0,3008
2024-02-06,2.2,4.5,0.4,0.4,3004
2024-02-05,3.8,6,1.7,12.7,3015
2024-02-02,3.2,7.7,0.2,0.3,3011
2024-02-01,3.9,7.5,1.2,1.2,3037
2024-01-31,5.6,12.6,0.4,0.5,3204
2024-01-30,0.9,8.7,-5.9,0.1,3218
2024-01-29,-0.7,5.8,-5.7,0,3272
2024-01-26,-1,5.2,-6.8,0,3409
2024-01-23,-8.1,-4.9,-10.4,0.7,2962
2024-01-22,-4.2,2,-8.2,0.3,2935
2024-01-19,5.5,7.4,4.3,0.5,2898
2024-01-18,6,9.2,3.5,5.7,2841
2024-01-17,2.8,6.2,-2.6,4.2,2731
2024-01-16,-1,6,-6.9,0,2729
2024-01-15,-0.4,4.3,-4.1,0,2726
2024-01-12,3.2,8.3,-1.5,0,2729
2024-01-09,0.2,3.7,-4.4,2.4,3038
2024-01-08,-3.4,2.7,-8.9,0,3060
2024-01-05,4.8,10.3,-0.6,0,3089
2024-01-04,1.5,7,-3.5,0,3204
2024-01-03,2.7,6,0,1,3396
2024-01-02,4.2,7.4,1.4,0,3356
2023-12-29,1.4,7.6,-3.2,0,3312
2023-12-28,1.7,8.1,-3,0,3324
2023-12-27,1.9,8.7,-2.3,0,3076
2023-12-26,1.7,7.5,-3,0,3081
2023-12-22,-8.2,-4.1,-11.8,0.2,3014
2023-12-21,-8.1,-4.6,-10.7,0.7,2931
2023-12-20,-3.7,0.2,-8.1,0.9,2861
2023-12-19,-1.3,2.7,-5.5,0.1,2827
2023-12-18,-4.8,-1.1,-9.5,0,2822
2023-12-15,8.2,11.7,5.5,30.9,2830
2023-12-14,8.8,10.4,7,23.4,2965
2023-12-13,7.6,12.5,2.8,0,3055
2023-12-12,7.2,10.4,4.7,1.5,3074
2023-12-11,11,13,8.6,31.5,3094
2023-12-08,10.2,17.6,1.9,0,3099
2023-12-07,6.5,11.6,1.2,0,3104
2023-12-06,6.2,11.9,-0.3,2.5,2982
2023-12-05,4.5,12.8,-1.1,0,2986
2023-12-04,2.5,10.2,-4,0,2927
2023-11-30,-1.2,2.5,-4.2,0,2797
2023-11-29,2.7,6.8,-1.3,0.2,2591
2023-11-28,4.2,8,0.2,0,2580
2023-11-24,2.1,6.8,-1.8,0,2648
2023-11-23,12.1,17.9,6,0.1,2578
2023-11-22,9,16.8,1.3,0,2650
2023-11-21,6.5,15.8,-0.4,0,2595
2023-11-20,6.3,13.6,1,0,2602
2023-11-17,4,8.4,0.1,3.2,2678
2023-11-16,5.9,8.9,2.6,9.2,2580
2023-11-15,6.4,13.6,1,0,2714
2023-11-14,5.5,11.8,-0.1,0,2736
2023-11-13,3.3,9.1,-1.6,0,2771
2023-11-10,8,13.7,2.3,2.8,2706
2023-11-09,12.7,19.5,5,5,2845
2023-11-08,8.4,17.1,1.4,0,3448
2023-11-07,8.9,13.4,4,0.2,3466
2023-11-06,16,21.4,10,25.8,3517
2023-11-03,18.1,24.3,12.2,1.6,3611
2023-11-02,18.4,25.9,13.3,0,3604
2023-11-01,16.5,22.4,10.1,0,4704
2023-10-31,14,22.2,7.9,0,4751
2023-10-30,13.3,21.5,7.4,0,4959
2023-10-27,13.8,18.8,9.5,0.9,5019
2023-10-26,15.9,22.2,10.6,2.4,5265
2023-10-25,14.9,22.5,9.5,0,5647
2023-10-24,13.6,20.5,8.2,0,5754
2023-10-23,13.3,20.8,7.9,0,5881
2023-10-20,12.6,16.7,8.3,1.7,5863
2023-10-19,15.7,20.3,11.2,5.4,6225
2023-10-18,14.3,22.8,6.7,0,6436
2023-10-17,12.9,20.9,6.7,0,6587
2023-10-16,14.7,20.6,9.4,0,6715
2023-10-13,16.3,22.2,11.9,0,6726
2023-10-12,15.6,23.1,9.5,0,6739
2023-10-11,15.7,23,10.4,0,6905
2023-10-10,16.2,22.3,11.8,0.1,6826
2023-10-06,14.6,21.1,9,0,6861
2023-10-05,15,19.8,10.8,0,6987
2023-10-04,17.5,23.8,11.8,1.8,7074
2023-09-27,21.9,24.9,20,2.6,6125
2023-09-26,20.9,22.6,19.4,16.9,6153
2023-09-25,21.1,25.8,17.5,2,6224
2023-09-23,19.6,25.3,14.7,0.2,6230
2023-09-22,19.4,25.2,15.3,0,6309
2023-09-21,19.5,22.9,17,5.7,6119
2023-09-20,21.5,24,19.4,53.4,5519
2023-09-19,23.4,28.1,19.9,0,5521
2023-09-18,24.4,29.4,21.1,3,5528
2023-09-15,22.4,24.7,20.8,16.6,5409
2023-09-14,22.1,24.9,19.9,11,5447
2023-09-13,22.2,25,20.2,22,5587
2023-09-12,24.3,29.6,20.4,0.1,5569
2023-09-11,24.1,29.6,19.7,0,5490
2023-09-08,22.6,28.7,17.2,0,5422
2023-09-07,23.6,29.5,18.5,0,5457
2023-09-06,25,30.4,20.6,0.2,5521
2023-09-05,25.7,30.5,22.1,0,5525
2023-09-04,25.8,30.5,22.5,0.7,5561
2023-09-01,23.3,29,19.3,6.4,5645
2023-08-31,23.3,27.8,20.2,6.8,5657
2023-08-30,22.8,24.9,21.1,38.1,5722
2023-08-29,25.1,28.2,22.7,18.5,5761
2023-08-28,24.9,27.7,22.3,5.7,5846
2023-08-25,25.7,30.5,21.9,4.2,5721
2023-08-24,24.6,27.7,22.7,33,5763
2023-08-23,26.1,30.7,23.2,27.5,5766
2023-08-22,27.5,32.1,24.3,4.4,5782
2023-08-21,27.7,32.6,24,0.2,5872
2023-08-18,26.4,31.2,23,4.7,5766
2023-08-17,25.9,30.3,22.6,2.8,5791
2023-08-16,26.3,31,22.9,0.8,5859
2023-08-14,26.8,31.8,23.1,0.1,5988
2023-08-11,25.4,29.7,21.7,5.7,6073
2023-08-10,23,25,21.6,103.2,5843
2023-08-09,25.6,28.6,23.4,26,5533
2023-08-08,28.3,33.1,24.3,0.5,5507
2023-08-07,28.4,33.7,24.8,3.9,5284
2023-08-04,28.8,34,24.5,0,5062
2023-08-03,28.7,34.1,23.9,0,4817
2023-08-02,28.3,33.7,23.9,0.5,4604
2023-08-01,28.1,33.5,23.6,0.2,4518
2023-07-31,27.7,32.9,23.6,3.1,4380
2023-07-28,27.8,32.9,23.7,0.1,4297
2023-07-27,27.2,32.5,23,0.3,4281
2023-07-26,26.2,31.4,23.3,10.3,4279
2023-07-25,26.1,30.2,23.5,7.5,4274
2023-07-24,25.7,29.5,23.5,21.2,4257
2023-07-21,26.1,31.6,21.9,1,4195
2023-07-20,25.5,30.7,21.5,0.1,4190
2023-07-19,25,29.9,21.3,0.2,4095
2023-07-18,23.7,25.6,22.3,59.7,4091
2023-07-17,25.3,29.8,22.8,20.1,4032
2023-07-14,24.9,26.3,23.7,85.9,4009
2023-07-13,25.1,26.7,23.7,22.5,3882
2023-07-12,25.4,29.3,22.4,12.1,4067
2023-07-11,24.1,27.4,22,31,4072
2023-07-10,26.2,30.6,22.6,7.9,4072
2023-07-07,22.6,26.4,19.7,32.6,4121
2023-07-06,25.7,31.4,20.6,0,4053
2023-07-05,24.9,28.9,21.5,23.8,4038
2023-07-04,24.1,27,22.3,31.7,4062
2023-07-03,25.9,30.9,22.1,1.3,4076
2023-06-30,23.6,26.4,21.9,20.4,4062
2023-06-29,24.1,26.2,22.4,41.1,4049
2023-06-28,24,28,20.1,22.3,3970
2023-06-27,25.1,29.4,21.4,25.1,3970
2023-06-26,23.2,25.7,20.5,46.2,3916
2023-06-23,23.2,28.9,18.2,0,3878
2023-06-22,22,26.7,18.5,0.7,3839
2023-06-21,20.6,23.1,18.7,15.5,3667
2023-06-20,22.4,26.5,18.8,4.6,3665
2023-06-19,24.6,31.1,18.7,0,3672
2023-06-16,22.9,29.7,16.3,0,3512
2023-06-15,20.5,26.3,15.8,1.4,3516
2023-06-14,20.4,26.7,16,4.9,3688
2023-06-13,21.6,27.1,17.5,1.2,3705
2023-06-12,21.8,27.4,17.8,0.9,3727
2023-06-09,21.9,27.8,17,3.3,3721
2023-06-08,21.5,26.9,17.6,1.1,3742
2023-06-07,21.2,26.4,16.3,0,3809
2023-06-05,21.1,26.3,16,0,3808
2023-06-02,21.4,27.1,17.2,1,3784
2023-06-01,19.5,23.4,15.5,4,3808
2023-05-31,20.3,26.2,15,0.3,3964
2023-05-30,20.2,24.3,17,5.8,3983
2023-05-26,20.3,25.4,15.2,0.1,3954
2023-05-25,19.6,25.8,13.9,0,4023
2023-05-24,18,24.8,10.6,0,4016
2023-05-23,17.2,24.5,10.6,0.2,4069
2023-05-22,16.9,21.5,13.1,0.6,4106
2023-05-19,18.8,23.4,14.5,0.6,4064
2023-05-18,18.4,22.1,15.9,9.2,4005
2023-05-17,22.1,29.2,14.5,0,4126
2023-05-16,22.1,30.4,14.1,0,4117
2023-05-15,18.9,26.7,10.5,0,4067
2023-05-12,16.9,23.5,10.2,0.2,4046
2023-05-11,16.9,24.3,9.8,0,4090
2023-05-10,16.9,25,9.2,0,4156
2023-05-09,15.8,24.4,6.7,0,4135
2023-05-08,13.2,21.1,5.1,0,4131
2023-05-04,18.4,22.9,14.1,10.1,4119
2023-05-03,17.5,24,10.5,0.3,4119
2023-05-02,15.4,23.9,6.1,0,4082
2023-04-28,15.8,22.6,6.5,0.2,4278
2023-04-27,12.1,20.8,2.8,0,4276
2023-04-26,10,15.6,5,0.1,4168
2023-04-25,9.3,11.5,6.7,4,4168
2023-04-24,13,17.3,8.9,0.1,4160
2023-04-21,15.9,21.5,11.3,0,4124
2023-04-20,18.8,24.9,13.5,0,4127
2023-04-19,17.4,23.6,12.3,0.3,4020
2023-04-18,14.6,17.9,11.3,2.2,4025
2023-04-17,12.2,19.2,3.9,0,4021
2023-04-14,13.9,19.9,7.8,2.3,3984
2023-04-13,12.6,21.4,3.2,0,3981
2023-04-12,11.4,17.7,5.3,0,3718
2023-04-11,14.8,20.6,8.5,1.6,3699
2023-04-10,12.6,20.4,3.6,0,3662
2023-04-07,9.7,15.9,4.9,1.1,3625
2023-04-06,10.3,12.9,8.3,3.4,3625
2023-04-05,13.4,16.1,10.4,32.2,3625
2023-04-04,14.6,20.6,8.8,5.9,3601
2023-04-03,14.4,22.1,6.1,0,3569
2023-03-31,13.7,23,5,0,3556
2023-03-30,12.9,22.1,3.6,0,3556
2023-03-29,10.6,19.6,1.9,0,3581
2023-03-28,8.5,16.6,0.3,0,3574
2023-03-27,7.2,14.4,0.5,0,3574
2023-03-24,10.4,14.1,7.3,1.7,3549
2023-03-23,14,17.7,10.7,16.7,3541
2023-03-22,14.6,21.9,6.4,1.4,3490
2023-03-21,12.5,21.1,4.7,0,3534
2023-03-20,9.2,17.7,0.8,0,3571
2023-03-17,7.4,12.4,2.2,0,3649
2023-03-16,7.3,13.1,2.4,0,3620
2023-03-15,11.2,19.3,2.7,0,3544
2023-03-14,8.1,16,0.4,0,3544
2023-03-13,3.5,9.1,-1.7,0,3524
2023-03-10,11.9,21.6,3.2,0,3514
2023-03-09,12.2,19,6.1,0.3,3482
2023-03-08,12.4,19.6,4.9,0.2,3378
2023-03-07,11.2,19.6,3,0,3368
2023-03-06,8.1,16.9,-0.4,0,3350
2023-03-03,4.3,12.3,-3.6,0,3236
2023-03-02,2.7,7.4,-1.7,0,3198
2023-02-28,6,13.8,-2.3,0,3178
2023-02-27,4,13.7,-4.6,0,3181
2023-02-24,4.4,10.7,-0.1,0.1,3179
2023-02-23,4.5,10.6,-0.6,0.3,3170
2023-02-22,2,9.3,-6.1,0.2,3111
2023-02-21,-1.2,5,-6.6,0,3123
2023-02-20,0.5,5.9,-3.8,0,3105
2023-02-17,3.4,9.1,-2.2,0.2,3103
2023-02-16,2.5,7.2,-1.6,0,3112
2023-02-15,2.1,5.9,-1.3,1,3043
2023-02-14,2.4,7.2,-1.3,0.4,3040
2023-02-13,5.4,8.7,2.5,1,3045
2023-02-10,3.4,7.9,-0.1,7.7,3037
2023-02-09,3.2,9.8,-4.2,2.1,3037
2023-02-08,2.2,9.5,-3.4,0,2916
2023-02-07,3,10.9,-2.8,0,2913
2023-02-06,2.1,10.2,-5.3,0,2921
2023-02-03,-0.2,5.5,-4.1,0,2919
2023-02-02,-0.9,4.4,-5.1,0,2910
2023-02-01,3,9.1,-2.4,0,2889
2023-01-31,1.1,8.9,-6.9,0,2910
2023-01-30,-0.7,4.7,-5.5,0,2894
2023-01-27,-5.1,-1.2,-8.9,0,2846
2023-01-26,-4.6,-0.4,-11,0.4,2792
2023-01-25,-10.2,-3.9,-16,0,2790
2023-01-20,-0.8,4.2,-6.3,0.2,2750
2023-01-19,-0.4,5.3,-6.3,0.1,2749
2023-01-18,-1,4,-4.8,0,2891
2023-01-17,-2.3,2.3,-6.6,0,2891
2023-01-16,-2.3,1.4,-5.6,0,2902
2023-01-13,9.6,12.8,5.7,28.9,2878
2023-01-12,5.4,14.3,-2.7,0.7,2924
2023-01-11,2.6,11.2,-3.4,0,3038
2023-01-10,1.4,9.4,-4.9,0,3047
2023-01-09,3.1,9.9,-2.3,0,3132
2023-01-06,0.8,7.4,-5,1.4,3128
2023-01-05,-0.8,6,-6.4,0,3133
2023-01-04,-1.6,5.1,-7.4,0,3138
2023-01-03,-3.1,3.3,-8.3,0,3125
2023-01-02,-2.3,2.7,-6.2,0,3088
2022-12-30,-1.2,4,-5.7,0,3011
2022-12-29,-2.5,3,-7.5,0,3000
2022-12-28,-1.6,3.3,-5.7,0,2972
2022-12-27,-2.3,4.8,-8.2,0,2955
2022-12-26,-3.5,3.1,-8.8,0,2955
2022-12-23,-7.6,-4.8,-9.7,1.8,2949
2022-12-22,-4.4,0.8,-8.1,1.8,2917
2022-12-21,0.8,3.8,-2.1,5.2,2878
2022-12-20,-2.2,4.4,-8.8,0,2850
2022-12-19,-5.4,0.6,-11.4,0.1,2849
2022-12-16,-2.3,1.3,-5.5,0,2828
2022-12-15,-2.2,3.5,-9,1,2851
2022-12-14,-5.4,-1,-8.5,0.4,2842
2022-12-13,2.9,6.2,-1.7,1.8,2860
2022-12-12,2.4,7.7,-3,0.8,2839
2022-12-09,3.6,10.6,-1.4,0,2836
2022-12-08,3.5,10.6,-1.7,0,2867
2022-12-07,4.1,9.3,-0.5,0.1,2830
2022-12-06,0.6,6.1,-5.4,0.3,2821
2022-12-05,-0.8,4,-4.3,0,2819
2022-12-01,-2.6,1.6,-5.9,0,2870
2022-11-30,-1.6,3.9,-4.3,0,2885
2022-11-29,10.4,15.8,3.8,11,2890
2022-11-28,11.1,16.1,3.9,15.8,2937
2022-11-25,9.5,17.4,2.2,0.2,2923
2022-11-24,8,15.3,3.6,0,2930
2022-11-23,10.9,16.3,5.6,2.8,2981
2022-11-22,10.7,14.5,7.3,6.8,3013
2022-11-21,10.7,18,5.1,0,3037
2022-11-18,8.9,18.2,2.1,0,3079
2022-11-17,8.5,16.1,3.5,0,3088
2022-11-16,8.5,14.7,4.1,0.4,3155
2022-11-15,7.9,13.7,2.6,0.6,3164
2022-11-14,9.9,14.2,6.2,0,3172
2022-11-11,13.4,21.1,7.4,0,3233
2022-11-10,11.8,19.9,5.5,0,3235
2022-11-09,10.2,18.1,3.6,0,4031
2022-11-08,10.4,18.5,4.4,0,4107
2022-11-07,9.1,17.2,2.1,0,3991
2022-11-04,6.9,12.1,2.5,0,4125
2022-11-03,10.2,17.2,3.7,0,4162
2022-11-02,10.7,19.3,5,0,4514
2022-11-01,12.4,19.9,6.7,0,4494
2022-10-31,12.6,19.4,7.7,0,4525
2022-10-28,12.3,19.5,6.4,0.9,4532
2022-10-27,12.6,20.3,6.8,0.6,4573
2022-10-26,11,18.5,4,0,4819
2022-10-25,9.4,16.4,3.3,0.1,4863
2022-10-24,9.8,15.3,5.2,1.3,4928
2022-10-21,13.2,19.8,6.5,0,4978
2022-10-20,10.9,20.2,2.9,0,5027
2022-10-19,9,16.9,2.5,0,5654
2022-10-18,9,15.4,3.8,0,5737
2022-10-17,13.3,18.1,7.5,0,5898
2022-10-14,15.3,22.3,9.7,0,6030
2022-10-13,14.7,22,9.1,0,6246
2022-10-12,12.5,20.5,5.7,0,6709
2022-10-11,11.9,17.8,7.7,0.1,7411
2022-10-07,14.9,18.8,11.6,2.4,7254
2022-10-06,15.9,20.1,13.2,3.8,7756
2022-10-05,15.7,19.9,13.5,2.6,8193
2022-10-04,19.2,24.2,15,31.1,8225
2022-09-30,18.9,27.6,12.7,0,8155
2022-09-29,18.6,26.4,13.5,0,8303
2022-09-28,18.4,24.8,13.5,0,8651
2022-09-27,18.7,26.3,13.2,0,8987
2022-09-26,17.8,23.4,13.9,0,9307
2022-09-23,18,24.9,13.2,0.4,9544
2022-09-22,17.7,24,11.4,0,9626
2022-09-21,17,23.4,11.7,0,9699
2022-09-20,18.2,23,14.1,0,9738
2022-09-19,23.5,28,17.9,6.6,9429
2022-09-16,24.4,28.9,20.9,1.1,9821
2022-09-15,23.8,28.1,20.1,0,10204
2022-09-14,23.5,27.6,20.4,0.2,10883
2022-09-13,23.3,27.1,20.3,0.5,10955
2022-09-08,20.7,27.8,14.3,0,8769
2022-09-07,20.7,27.6,15,0,8069
2022-09-06,21,25.6,17,59.6,8393
2022-09-05,22.5,25.2,20.4,65.6,7818
2022-09-02,21.7,25.8,17.7,4,7464
2022-09-01,21.5,26.1,18,0.1,7398
2022-08-31,21.2,24.2,19.3,11.5,7032
2022-08-30,20.3,22,18.6,29.6,6702
2022-08-29,20.2,23.1,17.4,1.2,6501
2022-08-26,23,28.2,18.4,0,6645
2022-08-25,22.5,27.2,18.9,0.3,6570
2022-08-24,22.6,25.6,20.2,8.5,6595
2022-08-23,24.4,27.7,21.8,6.3,6536
2022-08-22,25.5,30.7,20.5,0.2,6717
2022-08-19,25.7,29.6,20.8,5.1,6503
2022-08-18,24.4,29.5,20.3,0,6839
2022-08-17,24.4,28.6,21.6,6.6,6618
2022-08-16,25.7,29.3,23,24.7,6838
2022-08-12,26.8,31.8,23.2,1.9,6865
2022-08-11,25.2,26.8,23.8,36.4,6762
2022-08-10,25.8,28.4,23.6,37.3,6729
2022-08-09,27.1,29.8,24.7,31.8,6638
2022-08-08,27.7,30.5,25.6,22.3,6634
2022-08-05,28.4,32.4,25,1,6718
2022-08-04,28.1,32.6,24.9,1.6,6756
2022-08-03,27.5,31.4,24.7,12.7,6534
2022-08-02,27.1,30.2,25.1,11.2,6668
2022-08-01,27.2,30.2,24.9,14.9,6709
2022-07-29,28.2,33.3,23.8,0.2,6922
2022-07-28,26.4,30.9,22.3,0.2,7462
2022-07-27,25.9,30.4,22,0,7071
2022-07-26,26,31.4,21.9,0.3,7651
2022-07-20,26.3,31.3,22.3,0.9,6430
2022-07-19,25.4,30.4,21.6,0.6,5942
2022-07-18,23.2,26.2,21.1,39.3,5636
2022-07-15,25.3,30.5,21.2,1.6,5245
2022-07-14,25.6,29.9,22.5,3.3,5146
2022-07-13,24,26,22.5,32.5,4721
2022-07-12,25.3,28.8,22.5,0.3,4611
2022-07-11,25,28.6,22.8,16.4,4585
2022-07-08,26.7,30.3,23.9,4,4479
2022-07-07,28,32.1,24.9,2.3,4430
2022-07-06,27.6,32.1,23.9,1.5,4465
2022-07-05,26.9,31.9,23.5,2,4510
2022-07-04,27,31.9,23.4,2.3,4427
2022-07-01,26.7,32.1,22.1,0.2,4404
2022-06-30,25.3,28.8,22.9,35.8,4358
2022-06-29,26.2,29.1,24.2,20.9,4103
2022-06-28,27.1,29.5,25,2,4062
2022-06-27,26.1,28.6,23.9,13.4,4090
2022-06-24,24.5,28,21.9,26.1,4077
2022-06-23,24.4,28,21.2,29.7,4071
2022-06-22,25.8,31.9,20.8,0,4222
2022-06-21,25.5,31.7,20.5,0,4213
2022-06-20,25.1,30.6,20.5,1.5,4213
2022-06-17,22.5,28.4,16.2,0.1,4168
2022-06-16,20.8,25.8,16.8,0.9,4171
2022-06-15,18.5,22.9,15,10.7,4168
2022-06-14,17.7,20.4,15.7,5.3,4185
2022-06-13,20.7,24.9,17.5,0.9,4181
2022-06-10,20.7,26.5,15,0.2,4192
2022-06-09,19.2,24.8,14.7,0.7,4085
2022-06-08,18,22.8,14.3,0.4,4019
2022-06-07,16.9,20.7,13.5,6.6,4006
2022-06-03,22,29.3,16.4,0,4034
2022-06-02,21.2,28.6,13.3,0,4054
2022-05-31,20.5,27.4,13.4,0,4020
2022-05-30,20.1,24.4,16.7,0.5,4033
2022-05-27,19.9,25.8,13.7,0,4005
2022-05-26,19.3,24.8,14.3,1.3,4002
2022-05-25,21.3,28.3,14.7,1.2,4000
2022-05-24,22.2,30.1,14.7,0,3985
2022-05-23,21.2,28.5,14.4,0,3949
2022-05-20,19.5,25.8,13.9,0,3970
2022-05-19,19.4,25.1,13.7,0,3983
2022-05-18,20.1,27,12.3,0.1,4110
2022-05-17,18.2,26,9.5,0,4097
2022-05-16,15.9,23.4,7.7,0,5481
2022-05-13,16.2,20.2,12.7,0.8,5347
2022-05-12,18.9,24.7,14.2,0,5309
2022-05-11,18.4,24.1,12.8,0,5351
2022-05-10,16.1,23.3,9,0,5327
2022-05-09,15.6,22.2,10.3,0.4,5238
2022-05-06,18.7,25.9,11,0,5299
2022-05-04,16.4,24.7,7.4,0,5294
2022-05-03,13.1,20.9,4.6,0,5273
2022-05-02,12.2,18.9,6.2,0.4,5254
2022-04-29,11.5,15.1,8.8,13.7,5052
2022-04-28,15.2,22.1,8.7,0,5077
2022-04-27,15.8,21.8,10.5,0,5072
2022-04-26,18.1,22.2,14.7,22.7,5072
2022-04-25,19.3,25.6,13.5,9.2,5081
2022-04-22,16.2,22.8,9.2,0,5173
2022-04-21,13.4,19.3,7.6,1,5173
2022-04-20,14.9,23.2,6.1,0,5038
2022-04-19,14.4,22.6,6.5,0,4977
2022-04-18,14.5,21.9,8.5,0,4934
2022-04-15,11.4,17.8,6.7,0,4910
2022-04-14,10.7,13.8,8.7,1.7,4910
2022-04-13,12.4,16.8,9.5,10,4897
2022-04-12,19,26.2,12.8,0.2,4904
2022-04-11,18.6,25.4,11.8,0.1,4874
2022-04-08,12.5,21.1,3,0,4860
2022-04-07,11.7,18.3,6.1,0.6,4860
2022-04-06,12,19.4,5.1,0,4931
2022-04-05,10.7,18.2,2.1,0,4957
2022-04-04,9.9,18.1,1.9,0,4930
2022-04-01,7.9,13.9,2.7,0.1,4858
2022-03-31,9.6,13.4,5.9,1,4790
2022-03-30,11.5,18.5,3.7,0.7,4711
2022-03-29,9.2,17.3,0.7,0,4691
2022-03-28,7,13.8,0.2,0,4692
2022-03-25,12,17.6,4.4,11.8,4589
2022-03-24,7.7,14.4,1.1,0,4596
2022-03-23,5.5,10.4,1.6,0,4450
2022-03-22,6.6,12.6,1.2,0,4545
2022-03-21,5.6,11.5,-0.6,0,4521
2022-03-18,6.4,8.7,4.7,6.9,4497
2022-03-17,8.9,12.1,6.4,5.8,4482
2022-03-16,10.6,19.2,2.4,0,4430
2022-03-15,8.5,15.8,2.7,0,4420
2022-03-14,9.7,13.2,6.4,3.6,4341
2022-03-11,10.9,18.3,3,0,4372
2022-03-10,8.4,16.9,0.1,0,4334
2022-03-08,5.2,13.4,-2.4,0,4274
2022-03-07,3.1,10.5,-3.7,0,4274
2022-03-04,7.8,15.5,-1.2,0,4150
2022-03-03,5.3,12.6,-1.3,0,4163
2022-03-02,3.7,10.1,-2.4,0,4144
2022-02-28,5.5,13.2,-2.2,0,4154
2022-02-25,2.5,9.9,-5.3,0,4212
2022-02-24,-1.7,5.2,-9.1,0,4205
2022-02-23,-3.7,1.6,-8,0,4168
2022-02-22,-2,2.5,-6,0,4168
2022-02-21,-1.2,5.2,-8.1,0.1,4168
2022-02-18,-1.3,6.7,-9.9,0,4121
2022-02-17,-5.3,0.2,-10,0,4109
2022-02-16,-4.9,-1.2,-7.5,0.4,4065
2022-02-15,-1.8,2.2,-5.5,0.1,4065
2022-02-14,4,10.7,-1.6,0.4,4084
2022-02-11,2,10.1,-5.2,0,4070
2022-02-10,2.4,8.7,-2.4,0,4070
2022-02-09,0.7,8.1,-6.8,0,4031
2022-02-08,-0.3,6.3,-5.8,0,4031
2022-02-07,-1.7,2.6,-7.2,0,3999
2022-02-04,-2.6,2.5,-6.8,0.2,3956
2022-02-03,-1.5,3.8,-5.9,0,3929
2022-01-28,-0.4,5,-4.7,0,4012
2022-01-27,0.8,6.8,-3.7,0,3998
2022-01-26,2.3,7.1,-1.5,0,3980
2022-01-25,3.2,5.5,0.8,0.4,3988
2022-01-24,3.8,7.5,-0.8,0.2,4021
2022-01-21,-2.5,5.8,-9.5,0,3974
2022-01-20,-3.6,3,-8.8,0.1,4000
2022-01-19,-3,3.3,-9.3,0.4,4148
2022-01-18,-4.2,1.8,-9.4,0,4340
2022-01-17,-2.6,2.3,-7.2,0.2,4375
2022-01-14,-4,2.7,-9.7,0,4330
2022-01-13,-4.4,-0.6,-7.8,0.1,4559
2022-01-12,-4.8,0.3,-9.7,0,4506
2022-01-11,-2.9,2,-6.9,0.2,4489
2022-01-10,1.1,7.5,-5,0.1,4326
2022-01-07,-1.6,6.7,-7.7,0,4387
2022-01-06,0,6.2,-5,0,4387
2022-01-05,-0.8,4,-6,0.2,4302
2022-01-04,0,5.2,-5,0,4289
2022-01-03,-1.5,4.8,-7.8,0,4151
2021-12-31,-3.9,0.1,-7.2,0,4143
2021-12-30,-0.7,2.7,-3.3,0.4,4134
2021-12-29,2.5,7.5,-2.5,0.1,4103
2021-12-28,0,4.9,-5.2,0,4181
2021-12-27,-4.6,0.5,-11.2,0.1,4102
2021-12-24,2.2,8,-2.6,0.9,4059
2021-12-23,2.2,9.9,-3.6,0,4060
2021-12-22,2.7,10.3,-2.4,0,4034
2021-12-21,6,12.7,0.5,0,4103
2021-12-20,5,11.1,-1.8,0,4139
2021-12-17,-1.5,6.4,-7.1,0.4,4138
2021-12-16,5.9,10.1,2.6,0.6,4200
2021-12-15,6.2,12,1.6,0.6,4152
2021-12-14,2.4,8,-4.2,0.2,4172
2021-12-13,-0.9,4.3,-5.2,0,4172
2021-12-10,7.1,12.2,2.8,0.4,4246
2021-12-09,5.6,11.6,0,0,4341
2021-12-08,5.1,12.6,0.1,0,4441
2021-12-07,5.7,12.6,0.4,0.5,4473
2021-12-06,5,12.8,-0.9,0,4516
2021-12-02,1.8,7.1,-4.1,0.1,4542
2021-12-01,1,3.7,-2.2,0.4,4324
2021-11-30,6.4,11.1,2.1,22.9,4330
2021-11-29,6.4,14.4,-0.4,0,4395
2021-11-26,4.8,10.7,0,0,4540
2021-11-25,7.6,13.6,2.4,0,4596
2021-11-24,5.8,10.8,0.8,0.2,4429
2021-11-23,2.5,5.4,-0.4,1.1,4444
2021-11-22,5.7,12,1.3,2.4,4473
2021-11-19,11,17.6,5.5,0,4534
2021-11-18,9.8,16.4,3.5,0,4425
2021-11-17,7.3,14.4,0.9,0,4650
2021-11-16,8,15.4,3,0,4687
2021-11-15,8.7,16.1,3.5,0,4697
2021-11-12,5.6,9.7,2.1,0.6,4562
2021-11-11,7,11,3.6,1.2,4515
2021-11-10,6.5,9.2,3.8,3.2,5030
2021-11-09,7.2,10.2,4.9,2.5,4588
2021-11-08,10.4,16.8,6.2,22.5,4256
2021-11-05,11.5,19.2,5.6,0,4062
2021-11-04,11.5,18.9,6,0.4,3946
2021-11-03,11,17.8,5.6,0.1,3959
2021-11-02,10.9,17.1,6,0.3,3950
2021-11-01,12.6,19.1,8,0,3929
2021-10-29,12.3,19.3,6.6,0,3879
2021-10-28,11.5,19.8,4.6,0,3901
2021-10-27,12.7,19.7,7.5,0.2,3869
2021-10-26,11.3,19.1,4.6,0,3843
2021-10-25,10.7,18.7,5.1,0,3881
2021-10-22,9.8,16.6,4.5,0.4,3874
2021-10-21,9.4,16.1,4.2,0.3,3900
2021-10-20,8.9,15.6,4,0,3989
2021-10-19,10.7,16.8,6.3,2.5,3989
2021-10-18,8.9,16.7,1.1,0.3,4068
2021-10-15,18.1,22.1,15.1,6.3,4138
2021-10-14,19,24.8,14.8,0,4192
2021-10-13,18.3,22.8,14.8,0.1,4359
2021-10-12,16.4,18.2,14.9,3.8,4530
2021-10-08,20,22.8,18,1.7,4752
2021-10-07,20.3,24.7,17.1,1.5,4784
2021-10-06,20.4,24.7,17.2,3.7,4964
2021-10-05,22.3,28,18.1,1.5,5174
2021-10-01,20.2,27.1,15.4,1.1,5245
2021-09-30,20.7,26.5,16.7,4.4,5236
2021-09-29,21.1,24.3,19,22.6,5304
2021-09-28,20.8,24.3,18.1,0.7,5387
2021-09-27,20.5,25.1,16.9,0.1,5636
2021-09-24,19.6,25.7,14.4,0.6,5793
2021-09-23,20,25.5,15.6,0,5811
2021-09-17,20.4,23.7,18,15.7,5527
2021-09-16,21.2,25.6,16.3,0.9,5549
2021-09-15,22.1,27.1,18,0.1,5475
2021-09-14,21.6,25.2,18.3,3,5463
2021-09-13,22.6,26.8,19,0.2,5177
2021-09-10,21.8,26.3,18.7,0.5,5149
2021-09-09,21.8,27.8,17.1,0,5088
2021-09-08,21.9,26.8,18.5,0.6,5000
2021-09-07,21,23.6,18.7,11.4,5437
2021-09-06,20.9,24.3,18.1,9.7,5386
2021-09-03,21.7,26,18.4,1.1,5447
2021-09-02,21.7,24.7,19.3,1.8,5442
2021-09-01,22.3,24.9,20,38.5,5225
2021-08-31,22.9,27.1,20.1,14.5,5062
2021-08-30,23.5,27.9,20.5,0.4,4629
2021-08-27,22.6,26.2,20,14.8,4585
2021-08-26,24.9,29.6,21.2,0.4,4646
2021-08-25,23.7,26,22,21.9,4617
2021-08-24,24,27.1,21.4,38.3,4478
2021-08-23,22.4,24.6,20.9,44.5,4519
2021-08-20,24.4,29.5,19.8,0.5,4481
2021-08-19,23.2,28.3,19.6,3.5,4478
2021-08-18,23,27.8,19.8,7.4,4416
2021-08-17,23.8,28.3,20.2,5.3,4400
2021-08-13,24.9,28.7,22,0.9,4429
2021-08-12,25.4,30.3,21.7,0.6,4536
2021-08-11,25.5,30.8,21.6,0.8,4501
2021-08-10,25,29.7,21.8,7.1,4387
2021-08-09,26.2,31.4,21.9,4.3,4361
2021-08-06,27.6,33.9,23.4,3.1,4297
2021-08-05,28.4,33.9,23.8,0.1,4271
2021-08-04,28,33.1,23.9,0.1,3825
2021-08-03,27,31.5,23.6,8.1,3772
2021-08-02,26.3,30.3,24.1,10.7,3568
2021-07-30,28,33.5,23.3,0.8,3502
2021-07-29,27.6,33,23.1,0,3423
2021-07-28,27.6,33.1,22.8,0.5,3387
2021-07-27,27.6,33.3,22.4,0.2,3458
2021-07-26,27.5,32.7,22.9,0.1,3420
2021-07-23,27.5,33,22.6,0,3393
2021-07-22,27.2,32.7,22.2,0,3453
2021-07-21,27.4,33.1,22.4,0,3477
2021-07-20,26.8,31.5,23.1,0.2,3410
2021-07-19,26,30.8,22.7,3.9,3392
2021-07-16,26.1,32.1,22.2,4.4,3408
2021-07-15,26.9,32.4,23.2,2.7,3410
2021-07-14,27.6,32.1,23.9,0,3421
2021-07-13,27.4,32.1,23.4,0,3443
2021-07-12,26.7,32,22.8,0.4,3409
2021-07-09,24.5,28.7,22,6.8,3452
2021-07-08,24.6,28.5,22.1,23.2,3417
2021-07-07,24.4,27.2,22.2,33.7,3305
2021-07-06,23.4,26.4,20.6,51.6,3337
2021-07-05,22.3,25.5,19.9,26,3328
2021-07-02,24.3,29.4,20.1,0.3,3199
2021-07-01,24.4,30.3,19.1,0.4,3144
2021-06-30,23.1,27.9,20,1.6,3124
2021-06-29,22.8,28.1,18.8,2.9,3124
2021-06-28,22.9,27.8,19.8,2.8,3106
2021-06-25,22.6,28.3,17.7,2.4,3125
2021-06-24,21.6,26.5,17.5,0.2,3187
2021-06-23,20.3,24.3,17.5,2.7,3196
2021-06-22,20.8,25.8,16.9,5.3,3196
2021-06-21,22.4,28.6,17.5,0.4,3214
2021-06-18,20.7,23.9,18.3,3.3,3182
2021-06-17,20.3,23.6,17.7,0.7,3182
2021-06-16,21.5,24.9,18.6,2.8,3191
2021-06-15,21,23,19.4,9.1,3245
2021-06-14,22.3,27.2,18.6,0,3266
2021-06-11,21.7,25.7,19.1,22.9,3303
2021-06-10,22.9,27.9,18.2,4.6,3300
2021-06-09,23.7,30.2,17.8,0,3258
2021-06-08,22.7,28.9,17.4,0.1,3235
2021-06-07,21.7,27.5,16,0,3243
2021-06-04,18.8,24.5,13.8,1.3,3256
2021-06-03,18.3,20.9,15.4,19.9,3261
2021-06-02,21.8,28.2,16.3,0,3241
2021-06-01,20.4,26.2,14.8,0.3,3245
2021-05-31,19.3,25,15,5.6,3230
2021-05-28,15.6,21.9,10.7,15.3,3224
2021-05-27,16,20.9,12.4,2.7,3282
2021-05-26,16.7,22.9,10.3,0.2,3185
2021-05-25,15.5,21.1,11.1,2.7,3170
2021-05-24,19.2,24.5,14.6,0.3,3178
2021-05-21,15.6,18.5,13.5,3.1,3211
2021-05-20,16.4,19.4,14.4,11.1,3233
2021-05-18,16.9,22.5,13.2,0.2,3314
2021-05-17,15.2,17.5,13.6,4.5,3314
2021-05-14,20.8,27.7,14.1,0,3311
2021-05-13,19.6,27.3,12.1,0,3371
2021-05-12,18.1,24.9,11.6,0,3393
2021-05-11,15.9,21,11.1,2.7,3759
2021-05-10,13.2,16.5,9.8,5.2,3826
2021-05-07,15,21.1,9.4,1.9,5255
2021-05-06,14.8,22.5,5.5,0,5234
2021-05-04,15.7,19.6,10.8,17.5,5243
2021-05-03,14,21.4,6,0,5258
2021-04-30,13,17.4,9.4,7.5,5227
2021-04-29,14.7,20.1,10.4,1.6,5113
2021-04-28,15.9,21.1,11.4,0.3,5172
2021-04-27,14.6,19.9,8.8,0.3,5181
2021-04-26,13.7,20.2,7,0,5289
2021-04-23,17.3,21.2,14.1,0,5277
2021-04-22,18.9,25.6,13.1,0,5277
2021-04-21,17.4,26.4,8.4,0,5287
2021-04-20,15.2,24.3,6.5,0,5309
2021-04-19,13,21,4,0,5258
2021-04-16,11.7,17.2,5.5,0.2,5196
2021-04-15,10.1,17.6,2.4,0,5222
2021-04-14,9,15.3,3.5,0,5222
2021-04-13,11.8,16.6,6.3,3.1,5232
2021-04-12,12.5,15.9,10,20.8,5227
2021-04-09,10.2,16.7,3.7,0.6,5206
2021-04-08,11.9,18.5,5.9,0,5206
2021-04-07,13.2,20.7,5.6,0,5189
2021-04-06,11.7,19.3,4.2,0,5175
2021-04-05,9.7,16.8,3.3,0,5164
2021-04-02,15.9,21.2,11,0,5130
2021-04-01,13.9,19.9,6.9,0,5081
2021-03-31,12.3,21.5,3.1,0,5033
2021-03-30,11.5,19.3,5,0,4888
2021-03-29,12.2,17.1,8,0.1,4879
2021-03-26,12.5,21.4,4.1,0,4861
2021-03-25,11.7,19.8,4.3,0,4833
2021-03-24,10.1,17,3.2,0,4881
2021-03-23,9,16.7,1,0,4859
2021-03-22,6.5,11.7,1.5,0,4876
2021-03-19,11.6,16.9,7.4,0,4873
2021-03-18,9.8,17,2.8,0,4822
2021-03-17,8.3,16.6,0.8,0,4787
2021-03-16,11,16.8,4.7,1.8,4772
2021-03-15,10.5,17.2,2.1,0.2,4753
2021-03-12,8.3,10.8,6.4,13.2,4683
2021-03-11,9.2,17.2,1.1,0.6,4641
2021-03-10,7.7,15.6,0.7,0,4566
2021-03-09,7.1,13.6,1.6,0,4553
2021-03-08,5.9,13.2,0,0,4534
2021-03-05,8.6,16.9,2.3,0.1,4448
2021-03-04,5.6,10.4,0.8,3.9,4562
2021-03-03,3.1,9.3,-2.9,0,4554
2021-03-02,2.4,6.2,-0.9,2.7,4533
2021-02-26,7.3,13.2,1.7,0.9,4461
2021-02-25,3.9,8.3,-0.8,3.1,4496
2021-02-24,3,10.1,-2.4,0,4449
2021-02-23,2.6,8.3,-2,0,4331
2021-02-22,9.9,17.6,3,0,4172
2021-02-19,2.3,9.8,-6.7,0,3826
2021-02-18,-4.5,0,-9,0.1,3756
2021-02-17,-6.1,-3.3,-8,0.5,3704
2021-02-16,-2.1,2.7,-5.9,1.1,3704
2021-02-15,3.3,8.5,-2.4,0.6,3704
2021-02-10,2.4,9.2,-4.1,0,3668
2021-02-09,-0.4,6.1,-6.3,0,3637
2021-02-08,-0.9,3.1,-4.1,0,3610
2021-02-05,1.2,7.4,-5.5,0,3518
2021-02-04,-0.3,4.1,-4.6,0.8,3399
2021-02-03,-2,3.2,-7.9,0.7,3401
2021-02-02,-2.2,3.6,-5.1,0,3340
2021-02-01,6.7,10.7,2.3,9.3,3300
2021-01-29,-5.7,-1.4,-9,0.1,3246
2021-01-28,-0.8,6.4,-6.2,1.2,3134
2021-01-27,3.2,8.5,-0.7,0,3057
2021-01-26,4.8,7.2,2.3,5.9,3065
2021-01-25,5.9,12.7,0.9,0,3065
2021-01-21,4.6,10.1,-1.7,4.1,3025
2021-01-20,-0.9,8.3,-8.9,0,3025
2021-01-19,-5.1,1.2,-10.7,0,3007
2021-01-18,-2,3.4,-6.5,1.7,3007
2021-01-15,5.9,13.1,-1.5,0,2999
2021-01-14,2.9,10.2,-2.9,0,2999
2021-01-13,3,9.7,-4.2,0,3000
2021-01-12,-3,2.6,-9.5,0.4,3019
2021-01-11,-5.6,-1.4,-9.8,0,3019
2021-01-08,-12.3,-7.3,-16.8,0,2982
2021-01-07,-10.7,-3.8,-14.8,1.2,2976
2021-01-06,-5.5,-0.7,-10.8,0.9,2968
2021-01-05,-2.2,1.9,-7.4,0.1,2953
2021-01-04,-2,3.9,-8.1,0,2936
2020-12-31,-6.4,-1.4,-11.9,0.2,2921
2020-12-30,-6.8,-1.1,-9.7,1.1,2790
2020-12-29,2.1,8.6,-2.3,1.8,2870
2020-12-28,4.2,11.9,-0.4,0.1,2755
2020-12-24,3.9,9.1,-0.5,0,2740
2020-12-23,2.6,8.5,-3.3,0,2722
2020-12-22,0.8,7,-4.5,0,2778
2020-12-21,-0.9,5.5,-6.7,0,2791
2020-12-18,-0.4,4.9,-5.4,0.2,2855
2020-12-17,-4,2.1,-10,0,2807
2020-12-16,-5.6,-1,-9.5,0,2859
2020-12-15,-5.9,-1.5,-9.8,0,2928
2020-12-14,-4.6,-1.4,-7.7,0,2970
2020-12-11,5.2,10.5,0.8,0,2948
2020-12-10,4.7,10.1,1.1,0,2958
2020-12-09,1.1,8.1,-5.6,0,2877
2020-12-08,0.6,5.9,-3.5,0,2908
2020-12-07,3.6,9.1,-1.3,0,3004
2020-12-03,2.3,7.3,-1.8,0,3024
2020-12-02,3.1,8.9,-1.2,0,2957
2020-12-01,1.5,8.3,-4.1,0,2988
2020-11-30,1.7,7.1,-2.6,0,3039
2020-11-27,5.9,10,2.4,0,3050
2020-11-26,6.4,12.1,2.1,0,3166
2020-11-25,5.2,11.7,0,0,3080
2020-11-24,4.5,10.4,0.3,0,3080
2020-11-23,4.1,8.7,0.4,0,3097
2020-11-20,7.1,11.1,3.5,0,2991
2020-11-19,16.7,21.7,10.8,30.2,2966
2020-11-18,17.3,20.9,13.3,2.6,3037
2020-11-17,14.4,19.6,9.2,1.4,3086
2020-11-16,11.5,19,5.2,0,3016
2020-11-13,9.8,18.4,3,0,3269
2020-11-12,8.7,18,1.3,0,3328
2020-11-11,7.4,16.1,0.7,0,3371
2020-11-10,7.2,13.8,1.6,0,3224
2020-11-09,6.5,12.1,0.4,0,3482
2020-11-06,12.1,16.2,8.3,0,3534
2020-11-05,8.3,16,-0.3,0,3684
2020-11-04,5.1,11.9,-0.3,0,3994
2020-11-02,11,16.8,5.2,0.6,4283
2020-10-30,10.4,18.3,3.6,0,4387
2020-10-29,9.9,17.5,3.4,0,4635
2020-10-28,13.4,19.9,8.3,0,4755
2020-10-27,12.3,20.4,5.6,0,4956
2020-10-26,11.5,19.7,5,0,5209
2020-10-23,10,15.1,6,0,5243
2020-10-22,13.3,18.3,9.5,1.2,5250
2020-10-21,12.9,17.3,8.6,6.1,5555
2020-10-20,13,21.7,6.5,0,5870
2020-10-19,12.8,21,6.6,0,6521
2020-10-16,11.5,16.4,6.6,0,7211
2020-10-15,12,19.1,6.4,0,7568
2020-10-14,12.5,19.4,7.3,0,8341
2020-10-13,13.3,19.3,8.6,0,8658
2020-10-12,16,22.3,11.7,0,9761
2020-10-08,16.3,21.9,11.5,0,10418
2020-10-07,15.5,21.6,9.7,0,10689
2020-10-06,13.5,20.2,7.7,0,10911
2020-10-05,13.8,19.4,8.2,0,11657
2020-09-29,17.2,24.2,11.5,0,11883
2020-09-28,17.3,24.3,11.9,0,11828
2020-09-25,19,24.4,14.4,2.1,11728
2020-09-24,19.2,24.1,15.4,0.9,11954
2020-09-23,18,22.6,13.4,0.2,11633
2020-09-22,17.5,23.1,13.3,0,11876
2020-09-21,16.9,23.5,11.1,0,11682
2020-09-18,19.3,24.2,15.1,0.8,11600
2020-09-17,20.4,23.4,17.8,1.8,11476
2020-09-16,21.1,24.1,19.4,3,11241
2020-09-15,21.6,27.1,17.2,0,10839
2020-09-14,20.7,26.1,16.6,0,10480
2020-09-11,20.8,24.5,18.3,6.4,10356
2020-09-10,21.9,26.9,18.5,0.7,10160
2020-09-09,21.5,26.1,18.4,9.4,9980
2020-09-08,23.2,27.4,19.5,0.6,9738
2020-09-07,20.5,23.1,17.6,64.8,9657
2020-09-04,22.5,28,17.9,0.1,9348
2020-09-03,23.7,27.2,20.2,47.2,9067
2020-09-02,24.4,26.4,23,48.3,9428
2020-09-01,25.3,29.5,21.6,1,9594
2020-08-31,25.5,29.2,23,2.5,9748
2020-08-28,27,31.5,24.4,16,9699
2020-08-27,27.3,30.7,24.8,10.8,9494
2020-08-26,27.7,31.8,24.4,15.2,9398
2020-08-25,28,33.5,23.2,0.2,9317
2020-08-24,26.5,31.8,21.7,0,8416
2020-08-21,26,30.8,22.4,1.1,8150
2020-08-20,27,33,22.5,0.3,7928
2020-08-19,27.3,33.3,22.6,0,7322
2020-08-18,27.4,32.9,23.3,0,7051
2020-08-14,28.1,31.6,25.4,0.9,7032
2020-08-13,27.9,31.8,24.7,0,7044
2020-08-12,26.8,30.6,24,5.5,6534
2020-08-11,25.6,28.7,23.5,32.2,6286
2020-08-10,25.6,28.7,23.7,32.6,6216
2020-08-07,23.7,25.7,22.2,43.3,5831
2020-08-06,25.3,27.8,23.3,30.8,5775
2020-08-05,26.3,29.1,24.1,18.8,5753
2020-08-04,26.8,31,23.6,13.7,5681
2020-08-03,26.1,29,23.8,23.4,5771
2020-07-31,25.7,30.4,22.1,4,5708
2020-07-30,24.1,27.5,22,34.5,5643
2020-07-29,23.6,25.7,22.2,34.1,5626
2020-07-28,23.2,25.9,21.4,15.5,5768
2020-07-27,22.6,25.2,20.7,12.2,5774
2020-07-24,21.1,23.5,19.3,23.4,5901
2020-07-23,21.5,23.3,20,69.9,5613
2020-07-22,22.6,24.8,21.1,30.4,5354
2020-07-21,24.7,29.3,21.3,4,5212
2020-07-20,24.9,28.5,22.3,8.2,5093
2020-07-17,22.8,28.6,18.2,0.5,4988
2020-07-16,21.9,27.4,17.5,0.5,4926
2020-07-15,19.9,23.3,17.6,3.2,4714
2020-07-14,19.4,21.5,17.9,8.9,4705
2020-07-13,19.1,20.8,17.9,85.6,4238
2020-07-10,23.5,27.3,21.2,34,4086
2020-07-09,24.1,29.1,19.8,0.7,4086
2020-07-08,23.9,29.2,19.6,0,4159
2020-07-07,23.8,28.3,20.7,0.1,4125
2020-07-06,22.9,27.3,19,4.8,4104
2020-07-03,20.9,24.1,18.2,4.9,4083
2020-07-02,22.2,27.8,17,0.2,4124
2020-07-01,20.5,25,17.3,1.2,4329
2020-06-30,20.6,23.5,18.3,27,4372
2020-06-29,21.5,25.5,18.5,39.7,4442
2020-06-26,22.7,27.3,19.3,0.4,4460
2020-06-25,21.5,23.7,19.7,4.5,4411
2020-06-24,21.8,24.6,19.9,19.5,4362
2020-06-23,24.4,30.4,18.6,0,4336
2020-06-22,24.2,31.2,17.4,0,4240
2020-06-19,21.8,27.3,17.7,1,4339
2020-06-18,19.7,22.3,17.6,17.7,4294
2020-06-17,22.1,27.1,17.1,0.9,4325
2020-06-16,22.8,28.9,17.3,0,4387
2020-06-15,23,28.6,17.7,0,4281
2020-06-12,23.3,27.6,20.1,10.1,4144
2020-06-11,24.4,30,20.6,10.3,4103
2020-06-10,24.9,32,19.5,12.2,4134
2020-06-09,25.5,32.9,17.9,0,4212
2020-06-08,24.1,31.4,16.9,0,4268
2020-06-05,23,29.2,18.4,0,4438
2020-06-04,23.8,29.7,18.7,0,4616
2020-06-03,21.9,27.4,16.9,0.2,4565
2020-06-02,19.3,25.2,13,0.5,4679
2020-06-01,20.6,25.9,15.6,0.3,4770
2020-05-29,19.3,26.2,12.5,0,4667
2020-05-28,18.1,24.7,11.8,0,4450
2020-05-27,18.3,24.5,13.2,0,4497
2020-05-26,18.2,24.3,14,0.4,4449
2020-05-25,17.7,22.4,13.8,0,4346
2020-05-22,16.8,22.2,12.3,0.2,4415
2020-05-21,15.4,21.2,9.4,0,4339
2020-05-20,13.7,19.2,8.6,0.3,4349
2020-05-19,13.4,17.1,10.5,8.3,4306
2020-05-18,18,23.2,14,18.4,4324
2020-05-15,15.9,18.9,14.3,17.8,4198
2020-05-14,18.6,26,10.4,0,4614
2020-05-13,16.1,22.9,8.6,0,4729
2020-05-12,16.3,21.7,11.7,0.3,4926
2020-05-11,18.1,24.4,12.1,0.3,4952
2020-05-08,17.1,23.7,9.2,3.6,6411
2020-05-07,16.9,23.5,10,0,6173
2020-05-06,17.7,25.5,11.2,0,5605
2020-05-04,19,26.2,13.5,0,5312
2020-04-29,14.8,22.9,7,0,5109
2020-04-28,12.8,20.3,4,0,4909
2020-04-27,11.2,17.9,4.4,0.1,4678
2020-04-24,10,16,2.6,0,4552
2020-04-23,8.4,14.3,3,0,4441
2020-04-22,7.2,11.5,3.8,0,4419
2020-04-21,8.9,13.9,4.9,0,4403
2020-04-20,11.2,16.1,7.7,0.5,4403
2020-04-17,11.5,15.3,8.6,13.8,4403
2020-04-16,13,20.1,5.2,0,4421
2020-04-14,11.8,21,2,0,4421
2020-04-13,9.2,16.1,3.4,0,4421
2020-04-10,9.4,14.4,4.9,0,4449
2020-04-09,8.7,15.5,1.3,0,4449
2020-04-08,9.7,15.9,3.9,0.1,4449
2020-04-07,11.6,18.7,4.1,0,4449
2020-04-06,8.9,16.9,-0.2,0,4439
2020-04-03,10.4,18,2.8,0,4430
2020-04-02,9.3,16.8,1.9,0,4458
2020-04-01,10.6,17.4,5.4,0.7,4458
2020-03-31,11,18.9,2.6,0,4430
2020-03-30,9.9,16.9,4,0,4459
2020-03-27,11.4,16.3,6.4,5.8,4476
2020-03-26,13.2,18.2,7.6,7.5,4476
2020-03-25,11.5,19.6,2.5,0,4292
2020-03-24,9.3,17.2,1.9,0,4292
2020-03-23,9.6,17.2,2,0,4292
2020-03-20,9.2,15.5,2.7,0,4292
2020-03-19,9.5,15.6,4.3,0.1,4297
2020-03-18,9.5,17.7,1.3,0,4325
2020-03-17,7.2,13.5,0.6,0.1,4325
2020-03-16,4.2,10.3,-2.1,0.3,4325
2020-03-13,6.9,13,1.3,0,4308
2020-03-12,6.5,14.7,-1.8,0,4308
2020-03-11,4.6,9.5,0.3,0,4331
2020-03-10,7.3,9.8,4.3,9.3,4331
2020-03-09,8.6,14.8,1.4,3.3,4340
2020-03-06,3.6,11.8,-4.2,0,4326
2020-03-05,2.2,8.3,-2.5,0,4311
2020-03-04,4.1,8.4,0.1,0,4311
2020-03-03,5.9,12,-0.1,0.1,4328
2020-03-02,5.1,9.6,1.6,0.1,4376
2020-02-28,4.2,6.5,1.4,2.6,4296
2020-02-27,5.1,10.1,1.1,0.1,4296
2020-02-26,6.9,11.8,2.9,1.2,4296
2020-02-25,7.3,9.8,5.5,27.7,4396
2020-02-24,6.9,14.7,-1.6,0.2,4381
2020-02-21,6.8,13.9,-0.6,1.7,4356
2020-02-20,4.7,12.3,-1.3,0,4339
2020-02-19,2.1,9.2,-4.6,0,4339
2020-02-18,-1.7,4,-6.8,0,4315
2020-02-17,-3,-0.5,-5.2,1.3,4336
2020-02-14,7.8,15.8,3,0,4336
2020-02-13,8,12.5,3.5,0.1,4360
2020-02-12,7.6,10,5,13.3,4360
2020-02-11,5.4,13.5,-3.2,0.1,4360
2020-02-10,3.7,10.8,-2,0,4379
2020-02-07,-0.4,5.3,-6.6,0,4418
2020-02-06,-4.2,2,-10.2,0,4418
2020-02-05,-3.6,1,-7.4,0,4435
2020-02-04,0.1,6.3,-6.2,0.3,4437
2020-02-03,1.3,5.7,-2.8,0,4468
2020-01-31,3,7.8,-0.7,0,4550
2020-01-30,4.3,8.8,0.9,0.9,4574
2020-01-29,5.4,9.4,2.4,0.9,4580
2020-01-28,6.4,10.2,3.1,1.1,4708
2020-01-23,5.1,10.2,1.6,2,4597
2020-01-22,2.9,5.6,-0.2,4.4,4597
2020-01-21,0.4,6.9,-5.3,0,4629
2020-01-20,2.3,6.8,-1.6,0,4605
2020-01-17,0.5,6.7,-3.7,0.2,4584
2020-01-16,-0.6,5.6,-5.3,0,4584
2020-01-15,-1.2,4.2,-5.4,0,4606
2020-01-14,-0.6,4.5,-4.1,0,4592
2020-01-13,0.1,3.7,-3.2,0,4597
2020-01-10,0.7,7.3,-4,0,4690
2020-01-09,1.6,5.2,-1.6,0,4629
2020-01-08,5.2,11.4,2.9,4.6,4627
2020-01-07,8.7,13.4,4.8,42.4,4627
2020-01-06,3.2,5.6,-0.9,9.4,4613
2020-01-03,1.7,7.4,-2.5,0,4591
2020-01-02,1.1,6,-3.2,0,4584
2019-12-31,-4.1,0.2,-7,0.1,4547
2019-12-30,4.7,9.5,-0.1,0.9,4502
2019-12-27,0.2,4.8,-3.6,0,4474
2019-12-26,3.3,5.7,1.1,1.2,4495
2019-12-24,1.6,8.6,-2.4,0,4575
2019-12-23,3.5,8.4,-1.3,0.7,4589
2019-12-20,0.7,5.3,-3.2,0.1,4616
2019-12-19,1.9,6.7,-1.5,0,4592
2019-12-18,4.4,8.4,1.5,0.3,4616
2019-12-17,8,12.1,3.5,2.2,4632
2019-12-16,6.7,13.9,0.6,0,4656
2019-12-13,1.2,7.8,-5,0.1,4680
2019-12-12,1.4,5.9,-2.7,0,4693
2019-12-11,6.7,13,1.6,0.3,4650
2019-12-10,6.1,13,1.1,0.4,4617
2019-12-09,2.5,9.7,-4.1,0.1,4651
2019-12-05,0,4.6,-4.7,0,4552
2019-12-04,3.9,9.2,-0.6,0.1,4569
2019-12-03,2,6.4,-3.1,0.4,4553
2019-12-02,3.3,6.7,-0.1,0.2,4625
2019-11-29,3.1,9.8,-1.5,0,4594
2019-11-28,4.6,10.4,0.1,2.3,4680
2019-11-27,6,9.5,2.4,0.8,4756
2019-11-26,7.5,13.4,2.2,0.3,4691
2019-11-25,5.7,10.6,3.1,2.7,4655
2019-11-22,8.9,17.3,2.4,0,4600
2019-11-21,4.7,12.1,-3,0,4605
2019-11-20,2.2,8.7,-2.5,0,4645
2019-11-19,3.3,6.8,0.1,0.1,4519
2019-11-18,8.4,16.2,3,12.8,4450
2019-11-15,6.8,13.5,-1.5,3.3,4345
2019-11-14,3.3,8.4,-1.1,0,4262
2019-11-13,8.6,13.5,3.3,2.7,4275
2019-11-12,9.2,16.3,4.3,0,4200
2019-11-11,11.7,16.7,7.4,1,4299
2019-11-08,7.5,15.2,1.8,0,4399
2019-11-07,10.4,16.8,5.2,0,4739
2019-11-06,10.9,18.5,5,0,4746
2019-11-05,11.3,18.8,5.6,0,4841
2019-11-04,12.1,18.7,7.2,0.1,5037
2019-11-01,14,21.6,8.5,0,5027
2019-10-31,12.9,20.4,5.5,0,5141
2019-10-30,10.8,18.1,5.1,0,5327
2019-10-29,12.9,18.5,7.8,0.7,5390
2019-10-28,11.1,18.3,3.9,0.2,5710
2019-10-25,16.8,22.6,11.8,0.3,5680
2019-10-24,17.2,21.9,13.5,1.8,6014
2019-10-23,15.7,19.7,11.6,0.1,6149
2019-10-22,15.6,22.8,9.9,0,6291
2019-10-21,15,22.9,9.1,0,6417
2019-10-18,15,19.3,10.6,4.3,6531
2019-10-17,13.7,19.8,9.2,0,6578
2019-10-16,13,20.2,7.8,0,6626
2019-10-15,13.1,18.6,8.3,1,6786
2019-10-14,14.4,21.2,9,2.6,6826
2019-10-11,17.7,24.7,11.4,0,6968
2019-10-10,14.6,21.3,8.2,0,7122
2019-10-08,15.6,21.8,9.9,0.1,7437
2019-10-07,15.3,17.5,13.6,8.3,8004
2019-10-04,21.1,26.8,16.9,0.2,7876
2019-10-02,20.9,22.7,19.5,101.9,7328
2019-10-01,21.2,24.7,18,9.3,7177
2019-09-30,21.6,28.2,16.4,0.1,6903
2019-09-27,21.4,26.9,16.8,1.5,6674
2019-09-26,20.4,26.2,16,0,6641
2019-09-25,18.4,24.8,12.6,0,6492
2019-09-24,17.8,25,12.6,0,6162
2019-09-23,18.1,22.5,14.4,0.4,5663
2019-09-20,19.3,23.7,15,0,5622
2019-09-19,19.2,25.6,13.5,0,5496
2019-09-18,21,27.9,15.4,0,5221
2019-09-17,21.3,27.8,15.5,0,5208
2019-09-16,22.4,28.2,18.1,0.2,5260
2019-09-11,23.9,27.8,21.5,7.4,5193
2019-09-10,25.4,29.6,22.5,15.3,5125
2019-09-09,24.7,28.3,22.4,8,5015
2019-09-06,25.4,28.9,22.1,2.9,4784
2019-09-05,24.2,29,21.8,22,4570
2019-09-04,23.4,26.2,21.4,11.9,4045
2019-09-03,22.1,24.8,20.1,13.1,3919
2019-09-02,21.6,25.1,19.1,11.4,3883
2019-08-30,22.9,28.1,18.6,0.2,3758
2019-08-29,22.4,25.7,19.9,4.2,3730
2019-08-28,23.8,27.7,21,0.9,3636
2019-08-27,22.7,25.4,20.5,16.7,3618
2019-08-26,24.3,30,19,0.1,3602
2019-08-23,24.7,29.5,20.8,0,3602
2019-08-22,25.8,30.3,23,25.2,3583
2019-08-21,25.8,30.1,22.5,8.6,3429
2019-08-20,26,30.9,21.7,0.2,3486
2019-08-19,25.1,30.8,20,0.4,3432
2019-08-16,26.4,30.7,23.3,1.9,3396
2019-08-14,28.6,33,24.7,1.2,3440
2019-08-13,28.5,33.7,24.3,1.2,3444
2019-08-12,27.7,31,25.3,15.5,3417
2019-08-09,28.3,33.6,24.2,0.1,3415
2019-08-08,27.6,33.2,24.2,5.7,3391
2019-08-07,27.2,32.1,23.8,14.7,3287
2019-08-06,27.6,32.1,23.8,10.9,3301
2019-08-05,28.8,34.6,24.2,0.7,3296
2019-08-02,28.8,34.2,24.3,0.1,3293
2019-08-01,28.4,33.1,24.6,3.4,3312
2019-07-31,28.4,32.2,25.2,6,3338
2019-07-30,28.4,32.5,24.7,0.7,3334
2019-07-29,27.8,32.1,24.3,0.1,3313
2019-07-26,26.5,29.2,24.7,19,3261
2019-07-25,26.6,29.2,24.8,16.3,3275
2019-07-24,26.8,29.7,24.8,0.5,3216
2019-07-23,27.9,32.8,24.2,0,3238
2019-07-22,27,31.6,23.2,0.3,3209
2019-07-19,25.2,28.5,22.1,13.9,3214
2019-07-18,24.3,27.8,21.4,8.1,3205
2019-07-17,24.4,28.8,20.7,3.7,3146
2019-07-16,23.8,28.7,20.3,4.5,3209
2019-07-15,23.2,27.1,20.6,8.8,3181
2019-07-12,23.2,27.9,19.6,0.4,3176
2019-07-11,22.2,25.6,19.7,8.5,3090
2019-07-10,20.9,23.3,19.2,20.7,3075
2019-07-09,22.6,27,18.4,0.2,3056
2019-07-08,22.6,27.3,18.9,0.5,3060
2019-07-05,25.1,32,19.1,0,3062
2019-07-04,24.4,31.2,18.4,0,3077
2019-07-03,23.1,28.5,18.4,0,3027
2019-07-02,23.4,29.2,18.5,0,3038
2019-07-01,23.2,26.9,19.9,0.4,3031
2019-06-28,23.6,28.1,20.7,0.8,2999
2019-06-27,23.8,28.8,20.6,12,2924
2019-06-26,21.1,24.4,18,33.1,2906
2019-06-25,23.6,30.4,17.1,0,2901
2019-06-24,22.5,28.4,17.2,0.1,2913
2019-06-21,22.8,28.7,18.5,1.9,2887
2019-06-20,23.4,29.2,18.2,0,2891
2019-06-19,22.2,27.5,18.3,0.8,2824
2019-06-18,21.3,26.2,17.3,2.1,2774
2019-06-17,21.3,26.8,16.8,0,2722
2019-06-14,20.2,24.7,16.8,2.3,2692
2019-06-13,21.2,28,14.7,0,2651
2019-06-12,19.7,25.9,14.3,0,2562
2019-06-11,18.8,23.8,14.8,0.3,2477
2019-06-10,18.3,22.2,15.2,4.1,2477
2019-06-07,18.6,21.2,16.6,24.2,2477
2019-06-05,22.9,29.9,16.8,0,2413
2019-06-04,23.1,30.3,16.1,0,2385
2019-06-03,22,29.7,14,0,2375
2019-05-31,18.6,24,14.4,0.8,2361
2019-05-30,20.5,27.6,12.7,0.1,2366
2019-05-29,19.7,27.4,11.1,0,2219
2019-05-28,17.8,23.8,12.6,0,2219
2019-05-27,18.6,22.1,15.4,22.9,2209
2019-05-24,22.9,31.6,14,0,2282
2019-05-23,20.9,29,12.8,0,2249
2019-05-22,19.2,27.3,10.3,0,2272
2019-05-21,17,24.2,9,0,2265
2019-05-20,17,21,11.9,1.7,2620
2019-05-17,21.3,27.3,15,1.7,2531
2019-05-16,21.4,28.9,14.6,0,2458
2019-05-15,20.3,27.3,14.3,0,2448
2019-05-14,19.8,26.6,13.9,0,2448
2019-05-13,17.9,24.5,11.4,0,2428
2019-05-10,17.6,26.7,8.7,0,2425
2019-05-09,17.1,24.1,11.1,0,2425
2019-05-08,15.7,22.9,7.2,0,2425
2019-05-07,13.9,21.8,5.2,0,2357
2019-05-03,16.7,25.9,7.6,0,2316
2019-05-02,16,24.1,8.3,0,2324
2019-04-30,14.6,20.5,9.8,0.1,2311
2019-04-29,11.3,14.3,8,19.1,2311
2019-04-26,9.4,11.6,7.6,6.3,2288
2019-04-25,13.5,17,10.2,4.5,2288
2019-04-24,17.3,22,14.2,6.9,2296
2019-04-23,16.8,21.8,12.1,5.6,2280
2019-04-22,17.6,25.6,10.2,0,2280
2019-04-19,12.8,17.6,9.5,0,2276
2019-04-18,15.3,21.6,8.4,0,2276
2019-04-17,15.5,23,8.7,0.5,2276
2019-04-16,14.2,23.3,4.3,0,2276
2019-04-15,11.1,19.6,2.3,0,2284
2019-04-12,10.7,17.7,4.1,0.1,2274
2019-04-11,8.8,14.3,3.3,0,2299
2019-04-10,7.2,9.9,4.5,8.5,2312
2019-04-09,9.3,15.4,4.8,23.2,2282
2019-04-08,11.8,19.1,5.1,0,2269
2019-04-05,11.7,19,5.2,0,2246
2019-04-04,9.9,17.9,1.3,0,2231
2019-04-03,7.4,14.5,-0.4,0,2201
2019-04-02,6.7,13.4,-0.4,0,2201
2019-04-01,5.7,11.4,-0.1,0,2201
2019-03-29,10.6,17,5,0,2198
2019-03-28,10.6,16.1,6.6,0.6,2180
2019-03-27,12.8,19.9,4.8,0.1,2170
2019-03-26,10.5,18.7,3.2,0,2205
2019-03-25,7.2,13.8,0.4,0,2228
2019-03-22,5.2,10.5,1.6,0,2228
2019-03-21,9.8,15,4.5,2.1,2245
2019-03-20,11.4,17.2,5.3,16.1,2245
2019-03-19,10.7,19,2.2,0,2245
2019-03-18,7.5,15,-0.7,0,2233
2019-03-15,5.8,12.3,1,3.3,2230
2019-03-14,5.2,11.8,-2.4,0,2245
2019-03-13,3.9,9.4,-1.5,0,2263
2019-03-12,5.8,11.9,0.9,0.9,2263
2019-03-11,6.4,11.9,0.7,1.1,2276
2019-03-08,6.1,14.5,-1.3,0,2300
2019-03-07,6.5,12.1,2.1,0.5,2308
2019-03-06,8.8,14.3,4.7,1,2313
2019-03-05,8.2,14.4,1.2,0,2313
2019-03-04,8.8,15.2,3.9,0,2347
2019-02-28,6.8,13.4,1.4,0.1,2304
2019-02-27,7.1,11.8,3.4,0.4,2327
2019-02-26,5.4,12.8,-1.5,0,2322
2019-02-25,6,12.8,0.8,0,2322
2019-02-22,3.9,11.1,-1.5,0,2343
2019-02-21,2.7,9.4,-2.7,0,2367
2019-02-20,2.8,7,-0.5,0,2386
2019-02-19,2.9,5.7,0.6,16.3,2429
2019-02-18,2.2,7.5,-4.4,0.1,2444
2019-02-15,2,6,-1.5,0.4,2508
2019-02-14,0.6,6.5,-3.7,0.1,2508
2019-02-13,0.3,5.3,-4.1,0,2589
2019-02-12,0.1,6,-6,0,2584
2019-02-11,-0.8,3.9,-4.7,0,2584
2019-02-08,-2,3.2,-5.9,0,2640
2019-02-07,2.1,7.4,-3.9,0.5,2665
2019-02-01,-1.3,4.1,-6.7,0,2572
2019-01-31,0.3,4.7,-3.8,4.9,2577
2019-01-30,3.5,10.1,-3.1,0,2498
2019-01-29,0,8.1,-6.5,0,2498
2019-01-28,2.6,7.2,-2.6,0.2,2413
2019-01-25,-0.4,5.5,-5.1,0,2503
2019-01-24,0.7,8.2,-5.2,0,2517
2019-01-23,3.1,9.6,-2.2,0,2550
2019-01-22,2.6,9,-3.2,0,2550
2019-01-21,0.5,6.2,-5.5,0,2554
2019-01-18,0.8,8.1,-5.1,0,2578
2019-01-17,0.4,5.4,-4,0,2598
2019-01-16,-3.2,1.7,-7.9,0,2631
2019-01-15,0.9,6.1,-3.9,0.1,2692
2019-01-14,1,7.5,-4.1,0,2693
2019-01-11,2.1,8.1,-3.4,0,2756
2019-01-10,0.5,5.1,-3.4,0,2756
2019-01-09,-2.9,2.9,-8,0,2748
2019-01-08,-0.7,4.2,-4.8,0,2772
2019-01-07,-0.5,5.5,-6.3,0,2748
2019-01-04,-0.7,5.3,-7.3,0,2709
2019-01-03,-2.1,5,-7.7,0,2709
2019-01-02,-2.5,3.2,-7,0,2722
2018-12-31,-3.2,4,-9.9,0,2796
2018-12-28,-7,-2.7,-10.7,0.1,2796
2018-12-27,-4.8,-0.5,-8.1,0,2796
2018-12-26,2.5,6.9,-1,0,2796
2018-12-24,-0.3,5.1,-4.4,0,2789
2018-12-21,5.1,12.2,-1.3,0,2798
2018-12-20,4.2,10.5,-0.1,0,2838
2018-12-19,5.1,11.9,-0.6,0,2865
2018-12-18,2.5,8.5,-2.5,0,2850
2018-12-17,3.2,7.5,-1,0.1,2816
2018-12-14,-2.4,3,-6.5,0,2816
2018-12-13,-0.3,5.1,-5.3,0.3,2799
2018-12-12,-0.5,3.8,-4.2,0,2805
2018-12-11,0.3,2.6,-3,1.8,2805
2018-12-10,-1.9,5.4,-7.9,0,2805
2018-12-06,4,6.9,1.6,2.5,2773
2018-12-05,3.9,7.9,-0.3,0,2796
2018-12-04,10.2,14.1,5.2,12.2,2826
2018-12-03,12.1,15.2,9.1,8.6,2873
2018-11-30,5.1,12.1,-0.1,0,2916
2018-11-29,5,11.4,-0.9,0,2933
2018-11-28,5.9,12.1,1.2,0,3004
2018-11-27,7.8,14.9,1.5,0,2956
2018-11-26,5.9,13.9,0.6,0,2966
2018-11-23,2.3,8.6,-2.6,0,2966
2018-11-22,4.1,8.8,-0.2,0,2981
2018-11-21,6.2,11.1,1.4,0.7,2995
2018-11-20,6.1,13.5,0.3,0.1,3003
2018-11-19,7.2,13.6,2,0,3008
2018-11-16,9,13.7,5.1,1,3000
2018-11-15,8.7,16.5,3,0,3003
2018-11-14,8.5,15.9,3.3,0.4,3045
2018-11-13,8.8,15.4,4,0.4,3127
2018-11-12,9.3,14.9,4.9,1,3092
2018-11-09,12.4,16.1,7.9,0.4,3107
2018-11-08,14,17.1,12.1,34.6,3112
2018-11-07,12.8,15.5,10.1,6.1,3149
2018-11-06,11.8,19,5.7,0.2,3171
2018-11-05,10.7,19.1,3.8,0,3153
2018-11-02,9,18.3,2.1,0,3290
2018-11-01,7.7,16,1.4,0,3368
2018-10-31,7.8,14.2,2.8,0,3399
2018-10-30,7.5,13.1,2.6,0,3360
2018-10-29,9.8,15.5,5,0.3,3382
2018-10-26,12.3,15.1,9.2,6.9,3451
2018-10-25,12.3,20.9,5.6,0,3501
2018-10-24,12.2,19.5,7.1,0,3570
2018-10-23,13.2,19.3,8.6,1.2,3587
2018-10-22,12.8,20.1,6.7,0,3618
2018-10-19,12.1,19.3,6.7,0,3663
2018-10-18,11.6,17.7,6.2,6.3,3736
2018-10-17,12.4,19.3,7.6,1.5,3779
2018-10-16,13,18.5,9.1,0.3,3864
2018-10-15,14,21.1,8.5,0,4001
2018-10-12,10.4,17.6,4.6,0,4151
2018-10-11,10.7,16,5.9,0,4194
2018-10-10,13.9,17.8,9.2,1.6,4387
2018-10-08,14.5,21.1,9.7,0,4464
2018-10-05,17.5,19.3,15.7,57.9,4400
2018-10-04,18.1,24.6,10.8,0.4,4559
2018-10-02,15.5,22.1,10.1,0,4897
2018-10-01,16,20,12.3,1.2,5321
2018-09-28,16.9,22.1,11.6,0,5617
2018-09-27,17.2,23.9,11.4,0,5875
2018-09-21,19.3,21.1,17.9,26.4,5935
2018-09-20,19.7,21.5,18.3,12.6,5920
2018-09-19,20.6,25.1,16.6,2.4,6012
2018-09-18,21,27.4,16,0,6027
2018-09-17,21.9,27.3,17.8,0.1,6149
2018-09-14,21.6,24.5,19,11,6209
2018-09-13,20.9,24.2,18.4,2.9,6217
2018-09-12,21,26.7,15.6,0.1,6334
2018-09-11,19.6,24.6,14.5,0,6544
2018-09-10,20.6,26,15.6,0.1,6579
2018-09-07,21.3,25.4,17.8,4.5,6807
2018-09-06,22.6,27.1,18.2,1.1,6917
2018-09-05,23.3,28.7,18.2,0,6926
2018-09-04,23.7,28.6,19.7,26.6,7121
2018-09-03,23.8,27.3,21.1,32.1,8079
2018-08-31,23.7,27.1,20.9,31.7,8201
2018-08-30,26.3,30.4,23.9,15.2,8299
2018-08-29,26.1,30.5,22.6,16.9,8248
2018-08-28,25.1,28.9,22.7,30.3,8311
2018-08-27,23.5,25.9,21.1,45.5,8245
2018-08-24,25.6,29,23.1,20.6,7661
2018-08-23,27.1,30,24.6,25.3,7522
2018-08-22,28.9,34.7,22.9,0,7320
2018-08-21,26.8,32.3,22.1,2.2,7164
2018-08-20,26.4,31.9,21.1,0,6986
2018-08-17,25.1,30.1,20.9,0,6522
2018-08-16,27.1,32,23.5,5.2,6310
2018-08-14,29.9,36,25,0,6217
2018-08-13,29.7,35.3,25.1,0.9,6066
2018-08-10,27.7,32.4,24.9,8.2,6051
2018-08-09,28.5,33.7,24.9,3,6010
2018-08-08,28.8,34.6,24.9,1.6,5864
2018-08-07,28.6,33.3,25.4,1.2,5770
2018-08-06,29.1,34.2,25.5,12.1,5770
2018-08-03,30.1,35.6,25.4,0.1,5719
2018-08-02,30.2,36.1,24.9,0,5605
2018-08-01,30,36.6,23.8,0,5404
2018-07-31,29.2,35.3,23.9,0,5257
2018-07-30,29,34,24.9,0.2,5030
2018-07-27,30,35.9,25.5,0.1,4909
2018-07-26,29.9,35.2,25.5,0,4788
2018-07-25,29.7,34.6,25.8,0,4680
2018-07-24,29.7,35.3,24.9,0,4524
2018-07-23,29.6,35,25.4,0,4448
2018-07-20,28.7,35.2,23,0,3960
2018-07-19,28.1,34,23.1,0,3930
2018-07-18,27.8,33.4,23,0,3771
2018-07-17,28.1,33.4,23.3,0,3706
2018-07-16,28.2,33.9,23.1,0,3605
2018-07-13,27.8,32.6,24.1,0,3499
2018-07-12,27.4,32.1,23.3,0,3498
2018-07-11,26.1,30.3,22.8,3.1,3355
2018-07-10,24,28.5,20,2.4,3235
2018-07-09,20.2,21.9,18.8,12.3,3122
2018-07-06,21.8,24,19.9,5,3015
2018-07-05,23.6,26.9,21.8,11.1,3060
2018-07-04,25.6,30.8,22,10.1,3004
2018-07-03,24.8,28.5,22.1,12.2,2990
2018-07-02,23.5,26.5,21.1,44.3,2986
2018-06-29,24.2,29.1,20.6,2.6,2934
2018-06-28,23,25.9,20.6,39.1,2919
2018-06-27,24.4,28.8,21.3,31.4,2896
2018-06-26,23.4,26.4,20.4,29.4,2773
2018-06-25,25.4,32.5,19,0,2714
2018-06-22,23.8,31,16.6,0,2686
2018-06-21,23.1,29.5,17.8,0,2718
2018-06-20,22.5,28.2,18,0,2757
2018-06-19,21.3,25.7,18.2,3.2,2745
2018-06-18,23.3,29.7,17.9,0,2747
2018-06-15,19.9,24.6,16.3,0.6,2708
2018-06-14,20.5,24.8,17.6,1.6,2707
2018-06-12,19.5,24.5,16,0.9,2679
2018-06-11,18.5,21.7,16.5,7,2676
2018-06-08,22.4,27.8,17.9,0,2691
2018-06-07,23.2,30,17.6,0,2691
2018-06-05,21.6,26.4,17.9,1.4,2611
2018-06-04,22.3,28.5,16.1,0,2653
2018-06-01,22.1,29.9,14.4,0,2688
2018-05-31,19.7,25.9,14.3,0,2685
2018-05-30,20.7,25.8,16.7,2.2,2797
2018-05-29,21.4,26.9,16.9,1.5,2797
2018-05-28,20.4,26.2,15.1,0.6,2797
2018-05-25,19.8,27,12.4,0,2851
2018-05-24,18.9,26.7,9.8,0,2866
2018-05-23,18.1,23.9,12.6,13.5,2789
2018-05-21,16.2,21.8,10.6,0,2807
2018-05-18,17.5,21.7,13.4,9.5,3024
2018-05-17,22.8,26.8,19.5,17.3,3018
2018-05-16,22.9,25.5,20.5,5.9,3215
2018-05-15,22.5,29.5,15,0,3252
2018-05-14,19.3,26.9,12.3,0,3312
2018-05-11,16.9,23.8,10.1,0,3345
2018-05-10,15.2,22,9.3,0,3399
2018-05-09,13.6,18.9,9.2,0,3417
2018-05-08,15.1,19.2,11.6,0.5,3457
2018-05-04,14.5,21,7.1,0,4240
2018-05-03,12,17.1,7.9,0.9,4240
2018-05-02,14.9,19.2,10.5,12.9,4240
2018-04-30,18.8,25.5,12.4,0,4309
2018-04-27,14.9,22.1,8.3,0,4299
2018-04-26,14.6,22.7,6.2,0,4299
2018-04-25,13,21,5.5,0.1,4379
2018-04-24,11.6,14.1,9,10.5,4360
2018-04-23,11.2,13.5,10.2,45.9,4282
2018-04-20,17.7,27.5,8.7,0,4292
2018-04-19,15.1,23.8,5.7,0,4259
2018-04-18,13.2,21.2,5.5,0,4284
2018-04-17,12.6,19.8,6.4,0,4270
2018-04-16,10.9,17.7,3.9,0,4270
2018-04-13,12.8,18.2,6.1,0,4309
2018-04-12,13.2,21.2,5.2,0,4334
2018-04-11,15.5,21,9.8,2.3,4317
2018-04-10,15.1,22.3,4.8,1.7,4317
2018-04-09,10.7,17.6,4.8,0,4321
2018-04-06,7.9,12.9,3.9,16.9,4333
2018-04-05,8.5,9.9,7.5,12.6,4333
2018-04-04,11.5,16.6,8.4,14.9,4306
2018-04-03,18,24.5,11.7,0.1,4306
2018-04-02,17.8,24.6,11.5,0,4321
2018-03-30,12.7,19.3,7.5,0,4299
2018-03-29,14.5,21.6,8.8,0,4291
2018-03-28,15,22.1,7.5,0,4307
2018-03-27,13.7,21.6,5.5,0,4290
2018-03-26,12,20.3,4.7,0,4251
2018-03-23,6.2,13.5,-0.7,0,4241
2018-03-22,5,11.4,0.3,0,4273
2018-03-21,1.8,3.7,0.3,8.6,4273
2018-03-20,5.3,8.7,1.9,0.6,4254
2018-03-19,8.5,11.4,5.6,19.9,4260
2018-03-16,5.2,10.1,1.5,0.7,4289
2018-03-15,12.8,16.4,7.9,23.9,4297
2018-03-14,15.2,22.5,8,0,4281
2018-03-13,12.3,20.2,3.3,0,4314
2018-03-12,7.9,16.9,-0.4,0,4347
2018-03-09,3.5,7.7,0.2,0.1,4322
2018-03-08,3.3,6.3,1,16.7,4269
2018-03-07,5.1,9.1,1.4,5.1,4295
2018-03-06,4.7,11.1,-0.7,0,4311
2018-03-05,5.7,11.6,2.3,12.1,4303
2018-03-02,1.3,8.9,-5,0,4283
2018-02-28,5.6,9.1,2.4,29.2,4280
2018-02-27,5.1,12.5,-2.7,0,4277
2018-02-26,3.1,11.7,-4.2,0,4241
2018-02-23,4.4,10.3,-2.7,1,4306
2018-02-22,0.6,7.3,-6.2,0.1,4302
2018-02-21,0.5,5.4,-3.8,0,4301
2018-02-20,2.7,9.1,-3.9,0,4359
2018-02-19,2.8,9.2,-2.5,0,4527
2018-02-14,4.7,11.9,-3.3,0,4479
2018-02-13,-0.7,5.1,-7.2,0.1,4512
2018-02-12,-4.1,-0.1,-8.9,0.4,4576
2018-02-09,1.4,8.6,-6.2,0,4307
2018-02-08,-3.6,4.6,-11,0,4307
2018-02-07,-6.7,0,-13.3,0,4181
2018-02-06,-8,-3.5,-12.3,0.1,4261
2018-02-05,-7.4,-2.6,-11.8,0.1,4052
2018-02-02,-2.4,4.4,-8.3,0,3837
2018-02-01,-2.1,4.4,-7.7,0,3749
2018-01-31,-1,3.9,-6,0,3471
2018-01-30,-4.6,1.4,-11.3,0.1,3363
2018-01-29,-5.9,-1.7,-9.3,0.1,3176
2018-01-26,-10.4,-5.4,-14.2,0,3115
2018-01-25,-9.9,-5.1,-13.9,0,3115
2018-01-24,-10.4,-6.5,-13.4,0,3155
2018-01-23,-6.4,0.7,-10,0,3179
2018-01-22,2.9,7.6,-0.6,1.2,3083
2018-01-19,1.3,7.3,-3,0,3069
2018-01-18,3.7,7.8,0.1,0,3055
2018-01-17,4.3,7.8,1.7,5,3076
2018-01-16,3.8,8.2,-0.8,7,3071
2018-01-15,4.4,10.8,-0.9,0,3053
2018-01-12,-8.5,-3.7,-13.4,0,2981
2018-01-11,-8.2,-4.3,-11.3,0.8,2961
2018-01-10,-4.5,-0.7,-8.1,2.2,2952
2018-01-09,-1.3,1.5,-3.4,1.4,2967
2018-01-08,2.3,4.8,0.1,2.4,3024
2018-01-05,-0.1,4.7,-3.4,0,2960
2018-01-04,-1.7,2.3,-5.6,0,2940
2018-01-03,-1.6,2.8,-5.3,0,2927
2018-01-02,0.2,5.8,-5.3,0,2905
2017-12-29,2.9,8,-2.1,0,2901
2017-12-28,-1.5,3.7,-6.9,0,2884
2017-12-27,-3.9,0.7,-8,0,2865
2017-12-26,-0.6,4.1,-4.9,0.1,2823
2017-12-22,1.7,8.5,-4.3,0,2800
2017-12-21,-0.1,5.8,-4.8,0,2788
2017-12-20,-1.5,4.7,-7.8,0.7,2788
2017-12-19,-1.3,3.4,-5.9,0.1,2765
2017-12-18,-0.2,5.7,-7.3,0.3,2743
2017-12-15,-0.8,4.7,-7.2,0,2635
2017-12-14,-4,2.8,-10.5,0,2635
2017-12-13,-5.2,0.4,-9.6,0,2637
2017-12-12,-6,-1.7,-9.7,0,2637
2017-12-11,-3,1.7,-6.7,0.2,2637
2017-12-08,-1.3,2.4,-4.3,0.2,2688
2017-12-07,2.6,7.6,-1.9,0.9,2653
2017-12-06,0.6,6.7,-5.2,0.9,2657
2017-12-05,-2.3,1.9,-6,0.2,2670
2017-12-04,2.2,6.9,-2.6,0.2,2677
2017-11-30,2.1,6.6,-1.9,0,2727
2017-11-29,7.5,12.2,3.1,0,2727
2017-11-28,7.3,14.4,0.7,0,2708
2017-11-27,3.9,11.6,-1.8,0,2686
2017-11-24,1.9,6.5,-2.1,1.3,2622
2017-11-23,2.3,6.7,-2,0.6,2599
2017-11-22,5.3,10.7,0.1,0.5,2434
2017-11-21,2.9,10.2,-2.7,0,2461
2017-11-20,3.1,8.3,-1.5,0,2445
2017-11-17,5.1,10.4,-2,0.2,2384
2017-11-16,3.1,9.3,-1.6,0,2414
2017-11-15,5.5,10.3,1.2,0,2591
2017-11-14,9.2,14.4,4.1,0,2646
2017-11-13,8.2,14.4,1.2,0.4,2621
2017-11-10,11.5,19.4,4.3,2,2597
2017-11-09,9.2,17.6,2.8,0,2576
2017-11-08,14.1,19.6,7.5,0,2624
2017-11-07,13.5,19.8,6.4,0.1,2625
2017-11-06,9.6,18,2.6,0,2640
2017-11-03,12.1,18.4,7.1,1.3,2587
2017-11-02,13.4,19.3,9,0.1,2680
2017-11-01,12.2,18.5,6,0,2643
2017-10-31,8.8,17.5,1,0,2754
2017-10-30,7.9,14.1,2.9,0,2809
2017-10-27,14.4,21.5,9.6,0,3061
2017-10-26,12.7,19.5,6.9,0,2974
2017-10-25,11.7,19.8,6,0,3094
2017-10-24,11.7,18.5,7.3,0.1,3104
2017-10-23,12.9,18.6,8,0,3140
2017-10-20,15.2,22.4,10.1,0,3243
2017-10-19,15.3,20.5,11.3,0.5,3398
2017-10-18,15.6,18.7,13,0.3,3792
2017-10-17,15.1,21.6,9.7,0,3980
2017-10-16,15.5,20.2,12.1,0,4286
2017-10-13,13,19.2,7.7,0,4638
2017-10-12,13.1,15.5,10.6,9.3,4986
2017-10-11,17.7,21.8,14.6,6.3,5403
2017-10-10,20.9,26.6,16.8,1.5,5754
2017-09-29,15.8,21.8,10.3,0,5969
2017-09-28,19.7,25.1,15,0.2,6026
2017-09-27,19.4,22.6,17.3,21,6184
2017-09-26,22.3,28.3,16.9,0,6190
2017-09-25,21.8,28.5,16.9,0,6174
2017-09-22,19.3,26.5,14,0,6209
2017-09-21,18.2,25.7,11.8,0,6281
2017-09-20,19.7,24.5,14,0.4,6288
2017-09-19,21.9,27.3,16.5,3.5,6316
2017-09-18,20.7,27.2,15.2,0,6423
2017-09-15,20.6,25.3,16.5,0,6472
2017-09-14,20.3,27.2,13.6,0,6655
2017-09-13,20.1,27.2,14.4,0,6686
2017-09-12,21.8,27.8,17.1,0,6804
2017-09-11,20.6,23.6,18.2,46.6,6740
2017-09-08,22.4,28.8,17.7,0,6770
2017-09-07,21.4,26.9,17.8,1.2,6775
2017-09-06,20.9,23.9,18.5,15.4,6928
2017-09-05,20.7,23.4,18.1,1.6,6741
2017-09-04,21.9,27.7,17,0,7125
2017-09-01,21.3,27.6,16,0,6958
2017-08-31,21.1,27.3,15.5,0,6875
2017-08-30,19.7,24,16.6,0,6868
2017-08-29,22.3,26.9,18.2,1.1,6800
2017-08-28,23.7,28.8,18.3,8.4,6768
2017-08-25,25.9,31.3,21.2,3,6600
2017-08-24,28,31.6,24.7,14.4,6743
2017-08-23,27.8,32,24.4,10.6,6677
2017-08-22,26.7,31.6,23.4,8.2,6576
2017-08-21,25.4,29.4,23,26,6535
2017-08-18,25,29.9,21.7,6,6024
2017-08-17,24.5,28.7,21.8,5.3,5924
2017-08-16,24.6,28.3,22,6.4,5781
2017-08-14,22.9,25.1,21.4,42.9,5450
2017-08-11,25.8,31.2,22.3,8.8,5426
2017-08-10,25.6,29.1,23.4,15.7,5273
2017-08-09,25.6,28.4,23.5,11.6,5329
2017-08-08,27.4,32.3,23.5,0.4,5420
2017-08-07,28.5,33.8,24.8,1.6,5478
2017-08-04,28.5,33.9,23.5,0,5401
2017-08-03,27.2,31.9,23.1,0,5438
2017-08-02,27.2,32,23.8,0.4,5409
2017-08-01,26.6,31.9,22.9,2.2,5481
2017-07-31,24.8,27,23.1,19.9,5274
2017-07-28,26,30.2,22.2,11.3,5293
2017-07-27,25.5,31.1,20.4,0.3,5376
2017-07-26,26,30.8,21.7,0,5055
2017-07-25,26.8,31,23.9,10.7,4891
2017-07-24,27.1,31.2,24.9,10,4381
2017-07-21,29.4,34.1,25.5,0.7,4217
2017-07-20,28.4,33.6,23.8,0,4052
2017-07-19,27.4,32.8,23.5,0,3879
2017-07-18,26,30,23.1,3.4,3709
2017-07-17,26.4,30.6,23.4,6.2,3414
2017-07-14,26.8,33.2,22.9,9.8,3199
2017-07-13,27.1,33,22.2,0,3051
2017-07-12,27.2,32.6,23.1,0,2810
2017-07-11,26.5,30.7,23.2,4.8,2588
2017-07-10,26.1,28.5,24.1,26.7,2539
2017-07-07,26,29.1,22.9,4.4,2570
2017-07-06,25.4,30.5,22,15,2594
2017-07-05,26,31.2,22.5,1.7,2482
2017-07-04,25.4,29.8,22.9,20.7,2394
2017-07-03,25.6,29.1,23.5,29.4,2356
2017-06-30,25.3,30.4,20.8,0.3,2285
2017-06-29,23.9,28.6,20.4,5.2,2301
2017-06-28,24.2,29.9,19.8,1.5,2256
2017-06-27,23.1,28.1,19.7,3,2284
2017-06-26,22.2,26.8,19.6,12.4,2285
2017-06-23,24.7,31.5,18.6,0,2259
2017-06-22,23.9,30.3,18.2,0,2267
2017-06-21,23.4,29.1,18.7,0.3,2252
2017-06-20,23.2,28.7,18.1,2.1,2247
2017-06-19,24.2,31.7,17.1,0,2251
2017-06-16,22.2,28.7,16.4,0,2247
2017-06-15,22.6,29.8,16,0,2255
2017-06-14,20.7,27.2,14.4,0,2275
2017-06-13,19.2,25.4,14.7,2.1,2283
2017-06-12,19.5,24.8,14.7,0,2289
2017-06-09,22,28.6,15.5,0.4,2272
2017-06-08,20.5,26.4,15.9,0,2181
2017-06-07,18.4,21.2,15.9,5.5,2050
2017-06-05,20.3,27.6,13,0,2010
2017-06-02,19,25.6,12.3,0.1,1995
2017-06-01,21,27.3,16.2,2.6,2004
2017-05-31,21.6,27.9,16.5,2.5,2105
2017-05-30,23.1,30.4,16.2,0,2086
2017-05-29,23.4,30.6,16.6,0,2093
2017-05-26,16.1,21.7,10.9,0,2096
2017-05-25,19.6,27.8,13.2,0,2087
2017-05-24,19.8,25.4,16,3.6,1974
2017-05-23,19.6,25.5,13.7,1.4,1974
2017-05-22,20.2,27.3,13.1,0,1974
2017-05-19,21.5,29.5,13.5,0,2005
2017-05-18,19.7,27.4,11.5,0,2060
2017-05-17,17.4,24.7,11,0.7,2133
2017-05-16,16.5,22.2,11.1,0,2096
2017-05-15,16,21.7,10.2,0,2127
2017-05-12,18,21.8,14.4,1.7,2163
2017-05-11,18.9,25.8,12.3,0.3,2171
2017-05-10,15.5,19.7,12.6,1.1,2782
2017-05-08,18.2,24.9,10.3,0,2807
2017-05-04,19.1,26.4,11.3,0.3,2809
2017-05-02,16.9,24.7,9.4,0,2987
2017-04-28,15.1,23.3,6.2,0,3649
2017-04-27,13,19.3,6.4,0,3627
2017-04-26,14.9,20.1,10.1,1.2,3601
2017-04-25,16.9,22.4,11,0.8,3607
2017-04-24,15,22.5,6.4,0,3612
2017-04-21,13,19.9,7.1,0,3681
2017-04-20,12.4,17.6,8.9,0.9,3648
2017-04-19,13.3,19.4,7.4,0,3701
2017-04-18,13.3,20.1,8.6,3.1,3714
2017-04-17,13.6,17.2,10.8,15.3,3829
2017-04-14,14.7,20.5,8.5,0.9,3790
2017-04-13,13.1,20.3,4.6,0,3830
2017-04-12,12.3,17.7,7.2,0,3803
2017-04-11,12.2,18.2,8.4,10.8,3881
2017-04-10,13.4,19.5,8.3,0.1,3881
2017-04-07,14.2,21.9,8.5,0,3881
2017-04-06,13.6,17.1,10.5,9.8,3881
2017-04-05,13.3,16.2,10.2,17.7,3895
2017-04-04,13.4,21.9,4.1,0,3918
2017-04-03,11.5,20.2,2.9,0,3918
2017-03-31,8.7,12.1,6.2,3.8,3918
2017-03-30,10.5,18.4,2.8,0,3927
2017-03-29,8.5,14,4,1.1,3917
2017-03-28,7.3,13.6,0.7,0.7,3953
2017-03-27,6,10.8,2.4,1.3,3930
2017-03-24,7.8,13.3,2.3,0,3938
2017-03-23,8.7,15.1,3.8,0.1,3942
2017-03-22,6.9,14,-0.6,0,3942
2017-03-21,7.1,12.5,2.4,1.5,3942
2017-03-20,8.3,13.6,2.1,2.8,3942
2017-03-17,6.9,15.5,-1.2,0,3986
2017-03-16,5.6,13.1,-1.4,0,3986
2017-03-15,4.8,12.2,-1.8,0,4089
2017-03-14,5.5,11.4,0.6,0.6,4089
2017-03-13,7.9,13.7,2.7,0,4002
2017-03-10,5.4,12.7,-1.3,0,4002
2017-03-09,5,11.3,-1.6,0,4002
2017-03-08,1.4,6.3,-3.8,0,4002
2017-03-07,0.1,4.4,-3.2,0.5,4002
2017-03-06,2.9,7,-1.1,0.3,4002
2017-03-03,3.9,11.7,-3.2,0,4002
2017-03-02,3.2,6.9,-0.7,2,4018
2017-02-28,4.8,13,-2.5,0,4018
2017-02-27,3.6,11.1,-2.5,0.1,4010
2017-02-24,0.6,6.1,-4.7,0,4010
2017-02-23,1.4,5,-2,0,4010
2017-02-22,3.6,5.9,0.3,16.1,4010
2017-02-21,0.8,7.9,-6.2,0,4010
2017-02-20,2.9,9.6,-3,5.4,4010
2017-02-17,5.6,12,-1,1.7,4010
2017-02-16,7.1,14.5,-2.8,1.4,4010
2017-02-15,2.4,11,-5.3,0,4010
2017-02-14,1.5,7.6,-3.4,0,4010
2017-02-13,1,7.3,-5.9,0.3,4038
2017-02-10,-4.1,-0.5,-6.8,0.6,4010
2017-02-09,-2.1,1.2,-5,0.1,4010
2017-02-08,0.8,5.3,-3.6,0,4001
2017-02-07,0.1,6.3,-4.7,0,4001
2017-02-06,0.8,4.7,-2.6,0,3990
2017-02-03,1.8,8.6,-3.8,0,3990
2017-02-02,-0.9,6.1,-7.5,0,3990
2017-02-01,-1.2,4.2,-5.4,0,3980
2017-01-31,-2.9,3.7,-8.7,0,4008
2017-01-26,-0.9,6.8,-9.1,0.1,3987
2017-01-25,-3.7,3.3,-9.7,0,3987
2017-01-24,-4.7,1.5,-10.1,0,3987
2017-01-23,-5.9,-1.1,-9.9,0.1,4019
2017-01-20,-1.7,1.4,-5.4,3.3,4092
2017-01-19,0.1,6.8,-5,0,4092
2017-01-18,0.5,5.9,-4.5,0,4092
2017-01-17,-1.7,5.8,-7.8,0,4108
2017-01-16,-3,4.4,-8.8,0,4108
2017-01-13,-2.2,2.8,-5.9,0.3,4108
2017-01-12,0.7,5.6,-3.7,0.2,4279
2017-01-11,-1.7,2.8,-6.2,0,4279
2017-01-10,0.4,4.7,-2.9,0,4279
2017-01-09,4.4,8.1,-0.5,0.1,4279
2017-01-06,5.2,10.5,0.8,0.1,4354
2017-01-05,4.3,8.5,-0.7,2,4379
2017-01-04,3.8,10.6,-1.3,0,4380
2017-01-03,3.6,9.8,-0.9,0,4355
2017-01-02,5.5,11.3,0.4,0,4382
2016-12-30,-1.4,4.6,-7,0,4219
2016-12-29,-1.3,2.1,-4.5,0.2,4224
2016-12-28,-1.4,4.8,-6.5,0,4200
2016-12-27,1.2,4.5,-3.2,2.1,4226
2016-12-26,4.6,6.2,2.9,10.3,4206
2016-12-23,1.7,4.7,-0.3,0.6,4163
2016-12-22,8.4,15.3,4.4,14.4,4169
2016-12-21,8.7,13.7,3,24.2,4145
2016-12-20,7.3,13,3.3,0,4119
2016-12-19,7.2,10.5,3.4,4.9,4089
2016-12-16,-1.8,2.9,-6.9,0,4093
2016-12-15,-0.8,2.7,-4.2,0.1,4077
2016-12-14,1.6,4.7,-1,2.5,4058
2016-12-13,5.4,9.9,1.4,0.3,4077
2016-12-12,3.9,10.1,-2.8,0.2,4044
2016-12-09,4.6,8.9,-0.5,1.3,4111
2016-12-08,3.6,9.7,-2.5,1.3,4057
2016-12-07,1.6,7.6,-4.2,0.1,3978
2016-12-06,1.8,6.7,-2.9,0,3959
2016-12-05,7.9,13.8,2.5,0.1,3951
2016-12-01,6.5,10.8,0.8,0.1,3927
2016-11-30,6.2,10.7,1.2,2.5,3838
2016-11-29,3.1,10,-2.3,0.2,3725
2016-11-28,3.8,8.4,-0.2,0,3725
2016-11-25,1.9,8.1,-2.8,0,3725
2016-11-24,0.7,5.5,-3,0,3712
2016-11-23,3.1,7.6,-0.5,0.1,3762
2016-11-22,6.3,10.9,2.5,0.9,3790
2016-11-21,10.3,14.2,6.1,0.1,3709
2016-11-18,10,15.6,3.6,12.8,3630
2016-11-17,8.7,16.1,3.3,0,3440
2016-11-16,6.6,14.3,0.3,0,3561
2016-11-15,9.5,15.2,3.4,0,3567
2016-11-14,14.3,18.7,10.2,2.3,3435
2016-11-11,9.3,15.2,4.5,0.9,3263
2016-11-10,7.3,12,2.8,3.1,3233
2016-11-09,4.3,10.5,-0.7,0,3281
2016-11-08,8.2,12.7,3.1,1.7,3255
2016-11-07,13.1,17.8,9.4,1.5,3270
2016-11-04,10.2,17.4,3.5,0,3218
2016-11-03,8.1,14.7,2.9,0.1,3233
2016-11-02,5.3,11.8,-1.2,0.1,3422
2016-11-01,4.6,9.7,0.4,0,3419
2016-10-31,8.3,11.6,4.4,0.3,3552
2016-10-28,14.1,16.5,12.1,5.6,3592
2016-10-27,14.5,19.2,9.1,0,3723
2016-10-26,13.8,18.3,10,0,3792
2016-10-25,14.6,19.1,11.3,13.7,3911
2016-10-24,14.2,19.4,9.5,0,4011
2016-10-21,16.6,18.8,14.9,0.4,4179
2016-10-20,16.8,22.7,11.7,0.1,4241
2016-10-19,16.8,23.3,12.6,0,4481
2016-10-18,16.3,22.4,12,0,4685
2016-10-17,17.7,23.2,14,0.3,4753
2016-10-14,15.2,23.1,9.2,0,5107
2016-10-13,14.5,20.2,10.6,0,5340
2016-10-12,15.1,21.2,10.8,0,5738
2016-10-11,14.5,20.6,10.2,0,6047
2016-10-10,13.3,19.1,8.4,0,6470
2016-10-07,18.4,22.8,14.8,9.3,6657
2016-10-06,18.6,24.3,14.4,0,6759
2016-10-05,19.5,24.2,16.7,51.1,6912
2016-10-04,21.4,27.2,16.8,0.6,7304
2016-09-30,17.8,19.9,15.9,13,7719
2016-09-29,19.1,21.7,17,1.3,7788
2016-09-28,21.3,24.7,18.8,7.6,7805
2016-09-27,22.7,26.7,20.1,5.4,7846
2016-09-26,21.7,26.5,17.9,2.2,7532
2016-09-23,19.7,26.1,14.4,0,7643
2016-09-22,19.4,24.6,15.8,0,7694
2016-09-21,18.4,24.1,12.7,0,7940
2016-09-20,18.8,24.4,13.9,0,8088
2016-09-19,20.2,24.1,17.1,0.2,8443
2016-09-13,22.4,28.2,17.7,0,7845
2016-09-12,21.7,25.9,19.1,7.8,7545
2016-09-09,22.8,28.5,18.9,1.4,8128
2016-09-08,22.7,28.2,18.6,3.2,8081
2016-09-07,23.1,27.9,19.9,1.3,8186
2016-09-06,23.6,27.8,20.2,0,8035
2016-09-05,24.6,29.1,21.7,1.3,7892
2016-09-02,21.4,24.8,19.4,28.9,7872
2016-09-01,24.6,30.2,19.6,2,7754
2016-08-31,21.8,25.3,18.5,7.8,7641
2016-08-30,20.7,24.7,16.9,1,7175
2016-08-29,20.5,25.4,16.3,3,6708
2016-08-26,21.9,27.2,18.3,11.3,6384
2016-08-25,27.2,33.7,21.3,2.1,6258
2016-08-24,27.3,33.2,22.9,0,5958
2016-08-23,27.3,32.2,23.6,1.8,5472
2016-08-22,28,34,23,1.2,5334
2016-08-19,28.2,33.6,23.8,0.4,4746
2016-08-18,28,33.6,23.7,0.4,4520
2016-08-17,27.7,33.3,23.2,0.7,4291
2016-08-16,27.9,33.2,24.2,4,4120
2016-08-12,29.5,35.6,24.4,0,4090
2016-08-11,29.3,35.4,24.1,0,4061
2016-08-10,28.4,34,23.9,0,4043
2016-08-09,27.7,32.6,23.9,0.6,4064
2016-08-08,28.2,34.5,24,4.9,3957
2016-08-05,28,33.6,23.3,0.2,3822
2016-08-04,27.7,33,23.4,0.2,3760
2016-08-03,26.7,31.8,23.1,1.6,3689
2016-08-02,26.4,30.9,23.6,3,3569
2016-08-01,27.4,32.8,23.7,2.4,3487
2016-07-29,27.8,32.1,24,9.7,3388
2016-07-28,28.3,32.7,24.8,0.8,3383
2016-07-27,28,32,24.5,0.9,3362
2016-07-26,28,32.8,24,0,3344
2016-07-25,27.3,31.6,24.5,5.8,3322
2016-07-22,25.8,30.7,21.7,0,3341
2016-07-21,25.1,29.7,21.5,0,3354
2016-07-20,25.3,29.8,21.6,0,3416
2016-07-19,25,30,20.4,0.1,3351
2016-07-18,23.7,28.7,19.7,0,3299
2016-07-15,24.5,28.7,20.7,0.8,3214
2016-07-14,25,30,21.4,2.3,3191
2016-07-13,25.6,29.9,22.1,0.1,3115
2016-07-12,24.6,28,22.4,8.2,3068
2016-07-11,25.6,30.3,22.2,2.9,3032
2016-07-08,25.4,31.2,20.8,1,2950
2016-07-07,24.2,29,20.9,1.2,2933
2016-07-06,23.6,27.4,21.2,27.8,2899
2016-07-05,24.8,28.6,21.5,39.5,2860
2016-07-04,22.2,24.7,20.2,53.2,2832
2016-07-01,24.2,27.6,22,55.2,2752
2016-06-30,24.4,29.2,20.8,1,2777
2016-06-29,22.8,26.7,19.2,0.9,2825
2016-06-28,22.4,27.4,17.8,0.5,2825
2016-06-27,22.1,27,17.6,1,2833
2016-06-24,21.9,25.2,19.9,30.3,2799
2016-06-23,24.2,29.4,19.9,0.1,2754
2016-06-22,22.8,26.4,20.6,7,2762
2016-06-21,23.6,28.1,20.1,0.3,2751
2016-06-20,23.2,28.4,18.5,5.7,2724
2016-06-17,23.2,29.5,17.5,0,2713
2016-06-16,22.1,25.9,19.1,1.7,2792
2016-06-15,21.5,24.9,18.7,4.8,2874
2016-06-14,22.1,27.4,18.4,0.5,2860
2016-06-13,22.5,27.7,19.2,0.1,2931
2016-06-10,22.8,28.8,17.7,0,3023
2016-06-09,22.2,28.3,17.4,0,3072
2016-06-08,21,25,18.1,1.7,3353
2016-06-07,21.2,25.9,17.9,0.3,3397
2016-06-03,21.6,28.3,14.3,0,3401
2016-06-02,20.2,27,13.1,0,3499
2016-06-01,20.9,26.5,15.8,0,3588
2016-05-31,21.7,28.1,15.5,0,3701
2016-05-30,21.3,28.4,14.4,0,3788
2016-05-27,21.5,27.5,16.8,0.1,3854
2016-05-26,20.4,25.9,15.1,0.1,3891
2016-05-25,19.4,25.8,13.7,0,3793
2016-05-24,18,21.3,15,20.3,3793
2016-05-23,20.6,27.8,12.5,0,3793
2016-05-20,19.9,28,11.9,0,3800
2016-05-19,20.3,28.8,12.4,0,3810
2016-05-18,20.3,29.3,11.4,0,3999
2016-05-17,17.8,26.6,8.6,0,3999
2016-05-16,15.4,21.7,9.9,5.9,3988
2016-05-13,16.6,22.5,11.9,0.1,3987
2016-05-12,18,25.1,11,0,3994
2016-05-11,15.7,21.7,11.4,0.9,3994
2016-05-10,13.9,17.2,12.2,20.1,3987
2016-05-09,18.1,23.4,13.6,0.2,4009
2016-05-04,17,22.3,11.7,0.2,3974
2016-05-03,15.3,19.8,11.7,26.8,3999
2016-05-02,18.9,25.9,11.8,7.8,4024
2016-04-29,14.4,20.9,8.4,0.1,4426
2016-04-28,13.6,19.2,9.6,2.4,4458
2016-04-27,12.4,15.5,10.8,25,4504
2016-04-26,17,25.4,8.7,1.4,4593
2016-04-25,15.9,24.9,7.3,0,4612
2016-04-22,17.1,24.6,11.2,0,4675
2016-04-21,13.8,17.3,10.9,28.8,4733
2016-04-20,13.9,20.3,7.3,0.7,4751
2016-04-19,12.5,19,7.4,0,4875
2016-04-18,13,18.9,8.3,1.2,4705
2016-04-15,13.7,21.2,6.5,0,4505
2016-04-14,14.7,21.3,9.6,0,4554
2016-04-12,12.5,19,6.2,0.6,4462
2016-04-11,10.9,16.1,6.8,0.2,4462
2016-04-08,13.9,21.7,8,0,4451
2016-04-07,12.7,18,9.2,21.9,4303
2016-04-06,12.8,21,5.7,12.2,4191
2016-04-05,12,19.6,5.1,0,4228
2016-04-04,11.2,15.6,7.6,1.8,4231
2016-04-01,13.2,22.8,4.3,0,4117
2016-03-31,12.4,20.7,4.8,0,4196
2016-03-30,12.7,20.3,6.4,0,4088
2016-03-29,11.9,18,4.8,0.1,4103
2016-03-28,9.3,17.5,0.7,0,4059
2016-03-25,5.8,11.1,1.4,0.2,4030
2016-03-24,6.4,12,1.2,0.2,4063
2016-03-23,8.1,13.6,4.1,0.5,3995
2016-03-22,9.3,16.9,2,0,3905
2016-03-21,8.6,15.6,2.3,0,3985
2016-03-18,11.2,15.4,7.9,9.3,3851
2016-03-17,10.2,18.3,0.9,0.1,3803
2016-03-16,8.8,16.4,3,0,3821
2016-03-15,5.6,13.3,-2.5,0,3821
2016-03-14,4.2,10,-0.5,0,3808
2016-03-11,0.7,5.8,-3.9,0,3924
2016-03-10,1.3,5.7,-1.9,0.1,3930
2016-03-09,3.1,8.2,0.3,2,3878
2016-03-08,5.9,9.3,2.4,2.8,3806
2016-03-07,8.9,14.9,3.4,0,3741
2016-03-04,9.4,13.7,4.6,9.7,3711
2016-03-03,7.2,15.2,-0.1,0,3672
2016-03-02,3.2,10.4,-3.8,0,3530
2016-02-29,-1.8,1.3,-4.8,0.3,3169
2016-02-26,2.8,7.3,-2.3,0.8,3147
2016-02-25,0.3,6,-5.9,0,3147
2016-02-24,-1,3.4,-4.7,0.6,3145
2016-02-23,3.3,8.5,-1.3,0.2,3160
2016-02-22,2.7,6.5,-1.5,0,3160
2016-02-19,4.5,8.9,-0.2,0,3124
2016-02-18,3.6,9.7,-2.9,0.1,3124
2016-02-17,1.2,6.5,-4.1,0,3078
2016-02-16,-0.1,4,-4.4,0.5,3047
2016-02-15,-3.1,0.1,-6,0.2,3033
2016-02-12,9.7,12,6.9,20.7,3003
2016-02-11,6.8,13.7,-1.2,0.2,3003
2016-02-05,-0.2,5.4,-5,0,3026
2016-02-04,0.4,5.9,-4.8,0,2966
2016-02-03,-1.8,4.9,-8.3,0,2914
2016-02-02,-3.4,2.7,-8.6,0,2908
2016-02-01,-2.9,1.7,-6.2,0,2881
2016-01-29,2.3,4.4,0.3,8.2,2777
2016-01-28,0.3,3.6,-4.6,6.7,2730
2016-01-27,0.2,6.1,-4.8,0,2715
2016-01-26,-1.7,3.5,-7,0.1,2598
2016-01-25,-6.6,-1.3,-12.4,0.3,2476
2016-01-22,-4.2,0.7,-9.3,0,2448
2016-01-21,-4.7,0,-8.4,0,2440
2016-01-20,-6.9,-2.3,-10.9,0,2354
2016-01-19,-7.5,-4.6,-9.7,0.8,2313
2016-01-18,-2,3.1,-7.3,0.9,2299
2016-01-15,-0.2,6.2,-5.3,0.1,2280
2016-01-14,-1.1,3.3,-5.5,0.1,2280
2016-01-13,-1.2,2.3,-4.9,0.8,2318
2016-01-12,-2.1,3.7,-7.1,0,2307
2016-01-11,-0.7,4.3,-4.4,0,2307
2016-01-08,-0.5,3.9,-3.8,0,2242
2016-01-07,0.4,4.3,-2.6,0,2271
2016-01-06,0.7,5.4,-4.2,0,2269
2016-01-05,0.6,4.4,-2.4,0.5,2266
2016-01-04,5.3,10.1,0.1,0,2215
2015-12-31,2,6.3,-1.7,0.3,2183
2015-12-30,0.9,7.4,-5.2,1.1,2202
2015-12-29,-1.4,4.8,-6.7,0,2202
2015-12-28,-2.4,2.2,-6.4,0,2160
2015-12-24,4.2,8.7,0.8,0,2147
2015-12-23,6.3,9,3.8,1.9,2127
2015-12-22,4.1,9.6,-1.1,0.1,2125
2015-12-21,4.3,9.3,0.5,1.5,2123
2015-12-18,-0.5,4.7,-6,0,2148
2015-12-17,-2,1.4,-4.8,0.3,2129
2015-12-16,1.7,5.5,-1.6,2.4,2157
2015-12-15,7.2,9.9,4.7,0.5,2178
2015-12-14,6.9,8.7,4.2,3.9,2175
2015-12-11,7.6,10.9,3.8,3.7,2202
2015-12-10,8.7,10.6,6.6,14.1,2247
2015-12-09,6.2,13.2,-0.4,0,2221
2015-12-08,4.6,11.1,0,0,2221
2015-12-07,3.5,9.9,-2.5,0,2221
2015-12-03,3,6.5,-0.3,3,2240
2015-12-02,7.3,11.3,2.9,5.7,2183
2015-12-01,4.7,12.1,-0.9,0,2211
2015-11-30,6.4,11.6,1.5,0.2,2232
2015-11-27,1.1,4,-1.9,0.6,2213
2015-11-26,0.9,4.5,-1.1,3.3,2134
2015-11-25,5.6,7.6,3.8,9,2174
2015-11-24,8.5,11.2,6,2.8,2164
2015-11-23,10.9,12.7,9.2,6.6,2058
2015-11-20,11,15.9,7.6,0.1,2020
2015-11-19,10.2,12.1,8.6,0.9,2020
2015-11-18,11.6,14.2,9.4,7.9,2042
2015-11-17,14.3,17.1,12.3,0.5,1991
2015-11-16,12.6,15.8,8.9,10.7,1949
2015-11-13,12.1,13.9,10.9,24.4,1875
2015-11-12,13.7,18.1,9.1,0.6,1919
2015-11-11,11.5,17.1,6.8,2,2174
2015-11-10,11.1,15.3,7.6,0.2,2207
2015-11-09,12.7,15.5,10.8,3.2,2200
2015-11-06,13.5,19.2,8,2.6,2210
2015-11-05,12.9,20.7,7.1,0,2221
2015-11-04,10.9,20,3.8,0,2310
2015-11-03,10.8,19,4.9,0,2297
2015-11-02,10.1,16.4,4.6,0.2,2317
2015-10-30,8,12.8,3.6,0,2326
2015-10-29,10.5,16.3,5.4,0.4,2356
2015-10-28,11.4,17.2,5.9,0,2328
2015-10-27,13.4,17.8,9.7,16.3,2340
2015-10-26,14.4,19.8,9.1,0.4,2370
2015-10-23,16.3,22,12.3,0,2398
2015-10-22,16.3,21.6,12.3,0.3,2453
2015-10-21,16.9,23.9,11.8,0.2,2501
2015-10-20,16.8,24.1,11.5,0,2569
2015-10-19,16.4,23.5,10.7,0.1,2592
2015-10-16,15.8,23.5,10.4,0,2596
2015-10-15,15.7,23.8,9.9,0,2617
2015-10-14,15.5,23.3,9.5,0,2640
2015-10-13,14.4,21.8,7.5,0,2675
2015-10-12,13.4,18.5,9.4,0.5,2727
2015-10-08,17.5,24.4,12.5,0.1,2732
2015-10-07,17.2,24.8,10.8,0,2717
2015-10-06,16.8,25.4,10.1,0,2732
2015-10-05,16.7,24.4,11,0,2788
2015-10-02,15.9,21.9,8.9,0,2748
2015-10-01,18.1,22.6,14.5,37.4,2770
2015-09-30,19.3,23.1,16.7,1.7,2783
2015-09-25,20.6,26.3,16.3,0,2697
2015-09-24,20.7,25.7,16.5,1.2,2691
2015-09-23,19,22.5,15.6,8.4,2703
2015-09-22,20.6,28,14.8,0,2687
2015-09-21,20.6,27.9,15.1,0,2740
2015-09-18,20.1,26.3,14.6,0,2706
2015-09-17,19.3,24.2,15.2,4.4,2699
2015-09-16,18.9,24.1,13.2,1.6,2733
2015-09-15,19.3,25.7,13.3,0,2760
2015-09-14,19.1,26.4,12.8,0,2810
2015-09-11,21,26.6,15.7,1.5,2795
2015-09-10,20.6,27.3,14.2,0,2765
2015-09-09,20.3,27.1,13.6,0,2846
2015-09-08,20,26.2,14.3,0,2870
2015-09-07,20.7,26.4,15.9,0.1,2888
2015-09-04,23.3,29,18.8,0,2857
2015-09-03,22.9,28.1,19.2,1.8,2865
2015-09-02,22.8,27.4,20,9.6,2881
2015-09-01,23.6,27.9,20.8,5,2887
2015-08-31,23.9,29.1,19.3,1.8,2908
2015-08-28,23,28.7,18.8,2.5,2817
2015-08-27,23.2,28.7,18.3,1.4,2836
2015-08-26,22.2,26.9,18.7,0.4,2901
2015-08-25,21.5,24,19.7,26.8,2892
2015-08-24,24.7,27.9,22.1,3.1,2881
2015-08-21,23.6,28.3,21.1,26.6,2838
2015-08-20,24.1,27.3,22,5,2882
2015-08-19,25,29,21.4,0,2814
2015-08-18,25.2,30,21.3,0,2728
2015-08-17,25.1,30.9,20.5,1,2673
2015-08-13,24.8,30.5,21,6.9,2750
2015-08-12,23.8,27.9,20.4,5.1,2829
2015-08-11,25.1,29.2,21.3,6.7,2778
2015-08-10,26.4,31.5,22.7,0,2779
2015-08-07,28.5,34.8,23.4,2.2,2712
2015-08-06,28.4,34.3,23.4,0,2736
2015-08-05,28,33.7,23.6,0,2715
2015-08-04,28,33.3,23.3,0,2708
2015-08-03,28.1,33.1,24.2,0,2723
2015-07-31,28.3,33.6,24.5,0.2,2720
2015-07-30,28.7,33.7,24.7,0,2720
2015-07-29,27.3,31.1,24.3,7.1,2785
2015-07-28,27.4,32,24.1,0.6,2798
2015-07-27,26.6,30.4,23.5,1.8,2821
2015-07-24,25.6,27.6,24.1,17.4,2812
2015-07-23,25.9,29.4,23.6,13,2861
2015-07-22,25.7,29.9,23,2.8,2837
2015-07-21,24.6,28.3,22.1,4.1,2867
2015-07-20,24.3,27.6,21.9,2.7,2895
2015-07-17,21.6,25.7,17.8,0.3,2904
2015-07-16,22.9,27.1,19.4,0,2921
2015-07-15,25,31.2,20.7,1,2921
2015-07-14,25.4,30.8,21,0.1,2941
2015-07-13,23.9,26.7,21.8,3.6,2998
2015-07-10,25,30.3,20.6,0,2937
2015-07-09,22.8,26.2,20.2,19.1,2937
2015-07-08,21,23.6,18.4,23,2932
2015-07-07,20.1,23.1,17.7,13.3,2998
2015-07-06,22.2,27.2,17.9,0.2,2987
2015-07-03,22.3,28,17.6,0.5,2983
2015-07-02,22.4,28.2,17,0.2,2989
2015-07-01,22.6,28.1,18.4,0.9,3015
2015-06-30,21.4,25.5,19,11.5,3022
2015-06-29,23.5,29.1,18.5,0.2,3126
2015-06-26,20.9,23.8,18.8,32.4,3140
2015-06-25,21.8,25.9,18.9,14.6,3214
2015-06-24,22.5,27.2,19.2,3.4,3303
2015-06-23,23.1,29,18.2,0.1,3303
2015-06-22,22.3,28,17.3,0.2,3327
2015-06-19,22.4,27.8,18.4,2.2,3359
2015-06-18,22.5,27.8,18.1,0.8,3387
2015-06-17,21.4,25.9,18.2,2.9,3384
2015-06-16,22.6,28.5,19.2,1.1,3408
2015-06-15,23,28.4,19.2,0,3508
2015-06-12,23.2,29.6,18.1,0.7,3502
2015-06-11,21.8,25.6,17.9,1.7,3490
2015-06-10,23.7,31.2,16.5,0,3405
2015-06-09,21.7,27.9,16.3,0,3421
2015-06-08,20.2,24.7,15.8,1.3,3397
2015-06-05,16.9,21.2,13.3,3.2,3411
2015-06-04,21.6,29.3,12.9,0,3422
2015-06-03,21.7,27.7,16.4,0,3438
2015-06-02,21.7,27.2,17.2,0.4,3475
2015-06-01,21.8,29,14.2,0,3562
2015-05-29,22.5,29.6,14.6,0,3742
2015-05-28,21.7,29.2,15.5,0,3697
2015-05-27,21.4,30,12.8,0,3655
2015-05-26,21.8,30.9,13.1,0,3639
2015-05-22,20.7,27.7,14,0,3653
2015-05-21,18.7,26.5,10.1,0,3600
2015-05-20,16.7,22.5,11.3,0,3342
2015-05-19,17.9,24.2,12.8,0.7,3242
2015-05-18,16.3,20.4,12.8,4,3034
2015-05-15,19.1,23.9,15.3,1.3,2870
2015-05-14,20.7,26.9,13.6,0,2870
2015-05-13,19.6,25.7,12.5,0,2870
2015-05-12,15.8,19.8,12.2,9,2855
2015-05-11,16.8,21.9,11.7,23.8,2972
2015-05-08,16.9,23.4,9.2,0,2972
2015-05-07,16.3,24.1,8.7,0,2962
2015-05-06,14.9,22.1,7.7,0,2913
2015-05-04,16.4,21.9,10.5,0,2712
2015-04-30,17.9,24,13.1,0.2,2715
2015-04-29,15.8,18.2,14,23.2,2807
2015-04-28,17.6,23.9,10.9,8.2,2779
2015-04-27,18.7,26.6,11.2,0,2768
2015-04-24,15.6,22.9,8.7,0,2719
2015-04-23,14.4,22.3,5.9,0,2738
2015-04-22,13.8,20.9,7.1,0,2795
2015-04-21,12.8,20.9,5.7,0,2780
2015-04-20,11.5,14.6,8.1,11,2697
2015-04-17,11.4,19,3.6,0,2640
2015-04-16,11.6,20.4,6,2.7,2617
2015-04-15,12,18.8,5.9,1,2574
2015-04-14,8.6,12.5,6.1,10.2,2565
2015-04-13,10.4,13.2,8.1,7.5,2516
2015-04-10,10.5,18.2,3.4,0,2538
2015-04-09,9,15.1,3.4,0,2538
2015-04-08,7.9,12.4,4.3,0.3,2568
2015-04-07,7.5,10.8,5.1,0.9,2559
2015-04-06,10.4,13.3,7.4,4.2,2546
2015-04-03,12.9,18.8,9,9,2529
2015-04-02,13.4,19.5,8.4,7.7,2509
2015-04-01,11.7,15.9,9.2,1.9,2486
2015-03-31,12.8,15.5,8.3,3.1,2480
2015-03-30,13.1,21.3,4.7,0,2442
2015-03-27,9.6,18.3,1.3,0,2415
2015-03-26,8.1,17,-0.8,0,2406
2015-03-25,5.9,14.2,-2.4,0,2401
2015-03-24,4.9,12.1,-1.6,0,2401
2015-03-23,5.5,11.5,-0.3,0,2371
2015-03-20,12.1,19.6,7.1,0,2340
2015-03-19,11.4,18.3,6.8,0.5,2310
2015-03-18,9.6,12.3,7.8,31.8,2305
2015-03-17,11.7,20.2,3,0,2280
2015-03-16,9.3,19.1,0.7,0,2289
2015-03-13,5.6,10.9,0.1,1.2,2308
2015-03-12,3.5,9.5,-2.9,0,2286
2015-03-11,2.5,8.1,-3.3,0,2271
2015-03-10,-1.6,2.7,-5.4,0,2293
2015-03-09,4.5,11.3,-3.3,0.1,2258
2015-03-06,3,10.5,-3.5,0,2216
2015-03-05,0.5,6.8,-5.6,0,2216
2015-03-04,0.2,4.3,-2.8,0,2202
2015-03-03,3.6,7.6,0.5,2.8,2174
2015-03-02,3.5,10.5,-3,0,2166
2015-02-27,-0.3,4.1,-3.7,0,2115
2015-02-26,3.6,8.2,-1.1,0.2,2082
2015-02-25,5.2,11.2,-0.4,0.1,2079
2015-02-24,3.4,9.6,-0.9,0,2067
2015-02-23,3.2,8.6,-0.2,0,2094
2015-02-17,3.6,6.4,1.7,0.3,1952
2015-02-16,5.1,6.8,3.8,10,1923
2015-02-13,-0.7,5.2,-6.4,0,1881
2015-02-12,0.6,4.8,-3.2,0,1884
2015-02-11,4,9.7,-1.2,0,1950
2015-02-10,3,8.1,-2.2,0,1914
2015-02-09,-3.9,1.2,-10.7,0.1,1919
2015-02-06,1.3,7.4,-3.6,0,1910
2015-02-05,0.9,5.4,-2.9,0.3,1920
2015-02-04,0.9,6.1,-3.4,0,1920
2015-02-03,0.7,7.9,-5.1,0,1920
2015-02-02,-0.2,7.3,-5.5,0,1920
2015-01-30,0,3.6,-3.6,0.2,1894
2015-01-29,0.3,3.7,-3.6,1.4,1911
2015-01-28,-2.1,3.5,-6,0.3,1912
2015-01-27,0.5,4.6,-3.7,0.3,1912
2015-01-26,5.6,9.1,2.7,1.7,1912
2015-01-23,1.4,6.8,-2.7,0,1910
2015-01-22,3.1,6.3,0.5,1.9,1910
2015-01-21,2.9,6.5,-0.6,3.1,1875
2015-01-20,0.4,6.8,-5.3,0,1889
2015-01-19,2.7,6.4,-1.3,0.4,1896
2015-01-16,1.5,5.3,-2.6,0.3,1896
2015-01-15,3.1,9.1,-1.3,0.2,1907
2015-01-14,2.7,5.9,-0.2,0.4,1913
2015-01-13,0.4,7.9,-6.5,0,1928
2015-01-12,-1.7,4.8,-6.5,0,1936
2015-01-09,-0.2,4.9,-5.1,0,1936
2015-01-08,-2.5,3.3,-7.8,0,1959
2015-01-07,-3,1.6,-6.5,0,1957
2015-01-06,1.8,7.1,-3.3,4.7,1980
2015-01-05,3.8,10.1,-2.7,4.1,1957
2015-01-02,-3.8,0.8,-7.6,0.3,1957
